Link,Content
https://www.aa.com.tr/tr/gundem/ankarada-otobus-soforlerine-ofke-kontrolu-stres-yonetimi-ve-empati-egitimi/3125837,"Ankara Ankara Büyükşehir Belediyesinden yapılan açıklamada, eğitim seminerinde, Başkent Üniversitesinden Doç. Dr. Kıvılcım Romya Bilgin'in, uygulamalı olarak öfke kontrolü, stres yönetimi, halkla ilişkiler ve empati konularını anlattığı belirtildi. İkinci grup eğitimlerin de düzenleneceği aktarılan açıklamada, 720 güvenlik personeli ile EGO denetiminde hizmet veren 400 özel halk otobüsü ve özel toplu taşıma aracında görev yapan 880 sürücünün eğitime katılacağı kaydedildi. Açıklamada görüşlerine yer verilen EGO Genel Müdür Yardımcısı Zafer Tekbudak, öfke kontrolü ve stres yönetiminin, toplu taşıma personelinin günlük olarak karşılaştığı zorluklarla başa çıkmasında önemli katkısı olacağını ve toplu taşıma araçlarında hizmet kalitesini artıracağını anlattı. "
https://www.aa.com.tr/tr/gundem/bakan-kacir-su-kaynaklarimizin-etkin-ve-verimli-kullanimini-destekleyecek-adimlari-hayata-geciriyoruz/3125811,"Kocaeli Tarım ve Orman Bakanı İbrahim Yumaklı ve Bakan Kacır, Kocaeli Kongre Merkezi'nde düzenlenen ""Su Verimliliği Seferberliği: Sanayi-Su Buluşması"" programına katıldı. Kacır, burada yaptığı konuşmada, etkinliğin, ülkede endüstriyel su verimliliğinin artırılmasında ve üretim odaklı büyümeyle gelecek nesillere daha rekabetçi, yaşanılabilir bir Türkiye'nin bırakılmasında başlangıç olmasını temenni etti. Savaşlar, ticaret ve teknolojide korumacılık, küresel salgınlar, iklim değişikliği, afetler, gıda, su, enerji ham madde krizlerine rağmen ülkenin ""Türkiye Yüzyılı""nda Milli Teknoloji Hamlesi hedeflerine emin adımlarla ilerlediğini belirten Kacır, son 22 yılda kalkınma yolculuğuna çizdikleri yeni istikametle, araştırma ve inovasyon ekosistemi, planlı sanayi alanları, girişimcilik kültürü ve nitelikli insan kaynağıyla AR-GE ve üretimde güçlü, küresel şoklara dayanıklı Türkiye'yi hep birlikte inşa ettiklerini anlattı. ""Suyun planlı yönetimi, tercihten öte zorunluluktur"" Zorluklara rağmen Türkiye ekonomisinin 13 çeyrektir büyümesini kesintisiz sürdürdüğünü, ihracatın, geçen yıl 255,8 milyar dolar seviyesine çıkarak Cumhuriyet tarihinin rekorunu kırdığını vurgulayan Kacır, ""Bugün ticari araç, güneş paneli, beyaz eşya, çimento üretiminde Avrupa'da birinci, 22 yılda Organize Sanayi Bölgesi sayısını 192'den 361'e çıkarmış, 101 teknoparkı, 1600'den fazla AR-GE ve tasarım merkeziyle her geçen gün daha da büyüyen, AR-GE ve inovasyon alt yapısına sahip Türkiye var."" diye konuştu. İklim değişikliğine bağlı olarak seller, hava kirliliği, orman yangınları, kuraklık gibi afetlerin dünya genelinde milyonlarca insanı etkilediğine ve ekonomilere zarar verdiğine değinen Kacır, Akdeniz iklim kuşağında yer alan Türkiye'nin iklim krizinden en fazla etkilenen ülkelerden biri olduğuna işaret etti. Bakan Kacır, yapılan çalışmaların, iklim değişikliğine bağlı olarak ülkedeki su varlığının yüzde 25'e varan oranlarda azalabileceğini gösterdiğine dikkati çekerek, şöyle devam etti: ""Türkiye bulunduğu coğrafyadaki birçok ülkeye göre daha şanslı konumda olmasına rağmen, su stresi yaşayan ülkelerden biridir. Suyun verimli ve etkin kullanımı, ülkemizde başarılı yeşil dönüşüm politikasının elbette temel bileşenidir. Sektörler arası ortak kullanılan kaynak olarak suyun planlı yönetimi, tarımdan endüstriyel kullanıma kadar geniş yelpazede su ayak izini azaltıcı adımların hayata geçirilmesi, sürdürülebilir ve kapsayıcı büyümeyi tesis etmemiz için tercihten öte zorunluluktur."" ""Yeşil dönüşümü öncelikli yatırımlar kapsamında değerlendireceğiz"" Yeşil dönüşümü büyümenin odağına aldıkları yeni dönemde su kaynaklarının etkin ve verimli kullanımını destekleyecek adımları hayata geçirdiklerinden bahseden Kacır, Organize Sanayi Bölgelerinin (OSB) ihtiyaç duyduğu arıtma tesislerini hayata geçirmek üzere 42 milyar lira yatırım büyüklüğüne sahip 75 atık su arıtma tesisi projesini desteklediklerini bildirdi. Bakan Kacır, bu kapsamda, ""Ergene Havzası Koruma Eylem Planı"" çerçevesinde yaklaşık 82 kilometrelik kolektör hattını tamamlayarak denize deşarjını tamamladıklarını anımsatarak, şöyle konuştu: ""Ayrıca Ergene Nehri'nin kirliliğini önleyecek 'Ergene Havzası Organize Sanayi Bölgeleri Müşterek Atıksu Arıtma Tesisleri'nin 5'ini tamamladık, gerçekleştirdik. Derin Deşarj Projesi'ni de gerçekleştirerek günde 160 bin metreküp suyun denize derin deşarj edilmesini sağlıyoruz. Yürütülen projeler için bugüne kadar toplam 16 milyar lira destek sağladık. Yakın zamanda kamuoyuyla paylaşacağımız 'Yeşil Dönüşüm Destek Programı' ile de sanayinin yeşil dönüşümüne yönelik yatırımları öncelikli yatırımlar kapsamında değerlendireceğiz. Nasıl araştırma geliştirme çalışmalarını yürüten sanayi tesislerimizi AR-GE merkezi olarak etiketlendiriyor ve uzun dönemde destekliyorsak, sanayicilerimizin yeşil dönüşüm projelerini de uzun ve verimli desteklemeye dönük yeni programı devreye alacağız. Sanayimizin yeşil ve döngüsel ekonomiye geçişi için uluslararası finansman kaynaklarına erişimini de hızlandırıyoruz."" Dünya Bankası işbirliğiyle hayata geçirdikleri ""Türkiye Yeşil Sanayi Projesi"" ile 450 milyon dolarlık finansmanı, sanayicilere, KOBİ'lere ve yeşil teknoloji girişimlerine sunduklarına işaret eden Kacır, Türk sanayisini yeşil dönüşümde örnek ve öncü hale getirdiklerini vurguladı. ""OSB'lerin yeşil altyapı yatırımlarına 300 milyon dolar finansman sağlıyoruz"" Bakan Kacır, KOSGEB'e ayırdıkları 250 milyon dolarlık kısmıyla, KOBİ'lerin su, enerji ve ham madde verimliliği, sürdürülebilir ve iklime dayanıklı atık geri dönüşümüne yönelik yeşil dönüşüm projelerine 4 milyon liraya kadar destek verdiklerini anlatarak, ""Türkiye Organize Sanayi Bölgeleri Projesi"" ile OSB'lerin yeşil altyapı yatırımlarına 300 milyon dolar finansman sağladıklarını kaydetti. Proje kapsamında OSB'lerin yeşil ve teknolojik çözümler içeren altyapı, ileri atıksu arıtma tesisi, su geri kazanım, GES, sıfır atık, biyogaz tesisi projelerini desteklediklerini, OSB'lerin verimliliğini, çevresel sürdürülebilirliğini ve rekabet gücünü yükseltmeyi hedeflediklerinin altını çizen Kacır, proje kapsamında 17 arıtma projesi için 3,5 milyar lira kaynak ayırdıklarını, kuracakları veya modernize edecekleri tesislerle 29 milyon metreküpün üzerinde su arıtımı, 6,6 milyon metreküp su tasarrufu gerçekleştireceklerine dikkati çekti. ""Yenilikçi su verimliliği çözümlerinin geliştirilmesi ve uygulanması için TÜBİTAK destek programlarıyla, son 22 yılda 183 projeye ve 286 bilim insanımıza 617 milyon lira destek olduk"" diyen Kacır, ""BİGG Yeşil Büyüme Çağrıları"" ile su kaynaklarının etkin ve verimli kullanımını sağlayan iş fikirlerine 900 bin liraya kadar girişimcilik proje desteği verdiklerini söyledi. Bakan Kacır, Demir-çelik, alüminyum, çimento, kimyasallar, plastik ve gübre sektörlerinde, sanayi kuruluşların teknolojik ihtiyaçlarını tespit ettikleri ""Yeşil Büyüme Teknoloji Yol Haritası"" ile onların aynı zamanda su ayak izini azaltacak projelerini ortaya koyduklarını anlattı. 10 yıl içerisinde yüzde 50 su kazanımı hedefi Sanayi bölgelerinin sürdürülebilir kalkınma amaçları doğrultusunda uluslararası standartlara ulaşmasını sağlayacak ""Yeşil OSB Sertifikasyon Sistemi""ni hayata geçirdiklerini anımsatan Kacır, tüm bu attıkları adımlarla ve hayata geçirecekleri projelerle sanayinin yeşil ve çevreci dönüşümünü tesis edeceklerini dile getirdi. Bakan Kacır, hedeflerinin, gelecek 10 yıl içerisinde yüzde 50'ye varan su kazanımının sağlanması olduğunu aktararak, bugün Tarım ve Orman Bakanlığı ile imzalayacakları ""Sanayide Su Verimliliği Çalışmaları Kapsamında Yapılacak İş Birliğine Yönelik Protokol""ün, her iki bakanlığın sanayide su verimliliği uygulamalarına yönelik işbirliklerine hız kazandıracağını belirtti. Protokol kapsamında, sanayide su verimliliğini artıracak mevzuat, farkındalık ve destek mekanizmaları çalışmalarına daha faza yoğunlaşacaklarına değinen Kacır, ""Nasıl ki, Milli Teknoloji Hamlesi ile toplumsal seferberliği sağladıysak, ülkemizin yeşil dönüşümünde de aynı seferberlik ruhunu harekete geçiriyoruz. Bu dönüşümü geleceğin Türkiye'sini inşa etmek, gençlerimize, çocuklarımıza daha yaşanabilir dünya bırakmak için hep birlikte gerçekleştireceğiz."" ifadelerini kullandı. "
https://www.aa.com.tr/tr/gundem/osmaniyede-depremde-42-kisinin-oldugu-apartmanda-nehir-kumu-kullanilmis/3125802,"Osmaniye Osmaniye'de 6 Şubat 2023'teki afette 42 kişinin öldüğü 12 katlı apartmanın yıkılmasına ilişkin sitenin müteahhidi ile fenni mesulü 22 yıl 6'şar aya kadar hapis cezası istemiyle yargılanacak. Kahramanmaraş Pazarcık merkezli 7,7 büyüklüğündeki depremde yıkılan, 42 kişinin yaşamını yitirdiği, 6 kişinin yaralandığı Esenevler Mahallesi'ndeki 12 katlı Çomu Plaza A Blok Apartmanı'nın müteahhidi Hüner A. (79) ve fenni mesulü Mehmet T. (70) hakkında Osmaniye Cumhuriyet Başsavcılığınca yürütülen soruşturma tamamlandı. Sanıklar hakkında ""bilinçli taksirle birden fazla kişinin ölümüne ve yaralanmasına neden olma"" suçundan 22 yıl 6'şar aya kadar hapis cezası talebiyle hazırlanan iddianame, Osmaniye 4. Ağır Ceza Mahkemesince kabul edildi. İddianamede yer verilen bilirkişi raporunda, binanın beton kalitesinin iyi olmadığının gözlendiği, karot alımı sırasında beton içerisinde beton teknolojisine uymayan ve zayıflık teşkil edebilecek yabancı maddelerin olduğu belirtildi. Raporda, karot işlemi sırasında karot suyuyla çamurun da aktığı, dolayısıyla betonarme elemanların betonunda yabancı maddelerin, özellikle ince malzemenin fazlaca bulunduğunun görüldüğü bildirildi. A Blok binasının, projelendirme ve malzeme özelliklerindeki yetersizlikler, uygulama ve işçilik hataları, yapı denetimindeki yetersizlik nedeniyle yıkıldığı görüşüne varıldığı anlatılan raporda, şu ifadeler kullanıldı: ""Binanın statik hesabında etriye hesaplarının, bindirme boylarının, döşeme ve taşıyıcı sistemin, Afet Bölgelerinde Yapılacak Yapılar Hakkında Yönetmelik-1975 hükümlerine uygun olmaması nedeniyle statik proje müellifinin ve statik betonarme projeye onay veren mercilerin, mevcut beton mukavemetinin statik projede öngörülen beton sınıfı ve donatı koşullarını sağlamaması nedeniyle yapının fenni mesulünün ve müteahhidinin sorumlu olduğu görüş ve kanaatlerine ulaşılmıştır."" ""Eksik malzeme kullanılmış olsaydı B Blok da yıkılırdı"" savunması İddianamede ifadesine yer verilen binanın fenni mesulü Mehmet T, projede belirtilen ölçüleri, demir ve betonları uygulamak ve uygulandığını kontrol etmekle sorumlu olduğunu belirterek, o yılların en üst tekniğini kullanarak binayı yaptığını savundu. İnşaatın yapıldığı 1993'te hazır beton bulunmadığını, Ceyhan Nehri'nden getirilen malzemeler ve betonyer kullanılıp beton döküldüğünü kaydeden Mehmet T, inşa aşamasında kendisinin sürekli çalışanların başında durduğunu anlattı. Mehmet T, binanın yapımında eksik malzeme kullanılmadığını öne sürerek, böyle bir durumda ayakta kalan B blokun da yıkılması gerektiğini ifade etti. Müteahhit Hüner A. ve fenni mesul Mehmet T'nin ""mevzuata ve yapı tekniğine aykırı şekilde çalışma gerçekleştirdikleri"" gerekçesiyle apartmandaki ölüm ve yaralanmalardan sorumlu olduğu belirtilen iddianamede, sanıkların ""bilinçli taksirle birden fazla kişinin ölümüne ve yaralanmasına neden olma"" suçundan cezalandırılmaları istendi. "
https://www.aa.com.tr/tr/gundem/bakan-guler-yurt-icinde-ve-sinir-otesindeki-operasyonlar-ile-orgutun-hareket-kabiliyeti-bitme-noktasina-getirilmistir/3125790,"Balikesir Milli Savunma Bakanı Yaşar Güler, Milli Savunma Üniversitesi Kara Astsubay Meslek Yüksekokulunda öğrenim gören 19. Dönem Astsubay Temel Askerlik ve Astsubaylık Anlayışı Kazandırma Eğitimi (ASTTASAK) kursiyerlerinin Balıkesir'deki mezuniyet töreninde, birçok coğrafyada hassas gelişmelerin olduğu, risk ve tehditlerin arttığı karmaşık bir dönemin yaşandığını söyledi. Savunma ve güvenlik konularının her geçen gün daha fazla önem kazandığına işaret eden Güler, ""Yaşanan bu asimetrik gelişmelerden ve jeopolitik çekişmelerden maalesef, bölgemiz ve ülkemiz de etkileniyor. Milli Savunma Bakanlığı olarak tüm bu gelişmeleri yakından takip ediyor, ülkemizin ve asil milletimizin güvenlik ve huzuru için büyük bir şevk ve gayretle çalışıyoruz. Bu kapsamda şanlı ordumuz, son bir asrın en yoğun ve en etkili faaliyetlerini gerçekleştirmektedir."" diye konuştu. Güler, silahlı kuvvetlerin, bir yandan hudut güvenliğini en üst seviyede sağlarken aynı zamanda terörle mücadelede büyük başarılar elde ettiğini dile getirerek şöyle devam etti: ""Yurt içinde ve sınır ötesinde icra edilen etkili operasyonlar ile örgütün hareket kabiliyeti bitme noktasına getirilmiştir. Geçmişte yürütülen 'sınırlı hedefli ve süreli' askeri harekatların yerine bugün artık 'sürekli ve kapsamlı' operasyonlar gerçekleştirerek terör örgütlerine büyük darbeler vuruyoruz. Sınır ötesi harekatlarımızın etkinlik ve başarısı sayesinde, artık ülkemize ve asil milletimize yönelen tehdit ve tehlikeler, sınırlarımızın ötesinde karşılanmakta, kaynağında bertaraf edilmektedir. Elde edilen bu başarılarda en büyük pay, başta aziz şehitlerimiz ve gazilerimiz olmak üzere kahraman Mehmetçiğimize aittir. Terörle mücadelenin yanı sıra mavi ve gök vatanımızdaki hak ve menfaatlerimizi de azim ve kararlılıkla koruyoruz. Bu faaliyetlerimizin yanı sıra başta Kıbrıs ve Azerbaycan olmak üzere kardeş, dost ve müttefik ülkelerin haklı davasına destek veriyor, uluslararası barış ve istikrara katkı sağlıyoruz. Ayrıca karada, denizde ve havada büyük ve etkili tatbikatları icra ederek personelimizin harbe hazırlık seviyesini daima diri tutuyoruz. Her geçen gün yenilerini envanterimize kazandırdığımız yerli ve milli savunma sanayi ürünleriyle de şanlı ordumuzun imkan ve kabiliyetlerini daha üst seviyelere çıkartıyoruz."" ""Kahraman ordumuzun daima güçlü ve etkin olması hayati önemdedir"" Türkiye'nin köklü tarihi, stratejik konumu, büyük ve güçlü ordusu, her alanda sahip olduğu imkan ve yeteneklerle, dünyada söz sahibi ülkelerden biri olduğunu vurgulayan Bakan Güler, ""Son yıllarda, uluslararası arenada müzakere masalarının ve güvenlik mimarisinin vazgeçilmez bir üyesi haline gelen ülkemiz, geleceğe daha büyük hedeflerle ve emin adımlarla yürümektedir. Dolayısıyla ülkemizin huzur ve güvenliği için, kahraman ordumuzun da daima güçlü ve etkin olması hayati önemdedir."" ifadesini kullandı. Güler, eğitim faaliyetlerinin çok yönlü ve titiz bir şekilde sürdürüldüğünü belirterek astsubaylara şöyle seslendi: ""Türk Silahlı Kuvvetleri tarih boyunca medeniyetin kaynağı olduğu kadar, her çağın hakim güçlerinin ilgi ve etki odağındaki bu coğrafyanın en güçlü ordusudur. Sizler de artık, bu büyük ordunun seçkin bir üyesi olarak etkin ve önemli görevler üstleneceksiniz. Zira, mazisi şan, şeref ve kahramanlıklarla dolu silahlı kuvvetlerimizin, sizlerden beklentileri büyüktür. Çünkü sizler, ordumuzun bel kemiğini oluşturan astsubaylar olarak komuta kademesi ile Mehmetçik arasında kritik roller üstleneceksiniz. Bu kapsamda, siz değerli astsubaylarıma bazı tavsiyelerde bulunmak isterim. Nerede olursanız olun, hangi görevi üstlenirseniz üstlenin, elinizden gelenin en iyisini yapma gayret ve çabası içinde olun. Bedenen ve fiziken güçlü olabilirsiniz, ancak güç, sizi tedbirsiz bırakmasın. Zor durumda kalmamak için sürekli yenilenmeyi ve gelişmeyi ilke edinin. Diğer yandan yapacağınız işlerde, takım çalışmasına önem verin, işbirliği ve dayanışmayı geliştirin, farklı bakış açılarından faydalanın. Bir Türk askerinin en önemli özelliklerinden biri de karşılaştığı türlü zorluklara göğüs germesini bilmesi ve yüksek bir sebat gösterebilmesidir. Bu bağlamda inancınız, yüksek azminiz ve gayretiniz ile en çetin zorlukların üstesinden gelebilir, yolunuza en güçlü şekilde devam edebilirsiniz."" Milli Savunma Bakanlığı olarak ""Türkiye Yüzyılı"" hedefleri doğrultusunda daha büyük, daha güçlü bir Türkiye için azim ve kararlılıkla çalıştıklarını anlatan Güler, "" Gücünü bağrından çıktığı asil Türk milletinin sevgi ve güveninden alan kahraman ordumuz da anayasaya ve kanunlara bağlı olarak, milli, manevi ve mesleki değerlerimiz çerçevesinde, Atatürk ilke ve inkılapları ile aklın ve bilimin rehberliğinde, kendisine verilecek her türlü görevi başarıyla yerine getirecek ve asil milletimizin gurur kaynağı olmaya devam edecektir."" ifadesini kullandı. Törende, ASTTASAK eğitimini tamamlayan 5'i Kuzey Kıbrıs Türk Cumhuriyeti vatandaşı 1709 kursiyere diplomaları verildi. "
https://www.aa.com.tr/tr/gundem/vanda-200-ozel-harekat-polisinden-olusan-cig-timi-goreve-hazir/3125749,"Van ❮ ❯ Van'da 200 özel harekat polisinden oluşan ""çığ timi"" göreve hazır Türkiye'nin en çok kar alan illerinden biri olan ve 4-5 Şubat 2020'de Bahçesaray kara yolunda meydana gelen çığlar nedeniyle 42 kişinin hayatını kaybettiği Van'da, çığın yeni acılara neden olmasının önlenmesine yönelik çalışmalar devam ediyor. Bu amaçla 7 kurumdan 16 teknik personelle bölgedeki riskli alanlarda ölçümler yaparak çığ tehlikesi bulunan yerleri belirleyip önceden önlem alınmasını sağlayan AFAD İl Müdürlüğü, farklı kurumlarda görev yapan personellere arama kurtarma eğitimi de vererek, bulundukları bölgelerde yaşanabilecek çığ olaylarına kısa sürede ve daha profesyonel müdahale etmelerini sağlamaya çalışıyor. Daha önce güvenlik korucuları, jandarma personeli ve imamlara eğitim veren AFAD İl Müdürlüğü görevlileri, şimdi de İl Emniyet Müdürlüğünce özel harekat polislerinden oluşturulan 200 kişilik ""çığ timi""ne yönelik eğitimlerini sürdürüyor. Kar kalınlığının yer yer 1,5 metreyi bulduğu Kurubaş bölgesinde verilen eğitimlerde özel harekat polislerine ""çığ riski, çığla mücadele, arama-kurtarmada dikkat edilecek konular, ilk müdahale, çığ bölgesinin kontrolü ve ekipmanların doğru kullanımı"" konularında bilgiler veriliyor. Zorlu bölgede öğrendiklerini başarıyla uygulayan polisler, olası çığ durumunda arama kurtarmada görev yapacak. Kent genelinde yapılan araştırmalarda 4 bine yakın çığ yatağının tespit edildiği kentte, oluşturulan ekiplerle çığ olaylarına kısa sürede müdahale edilmesi hedefleniyor. ""En sıkıntı yaşadığımız yer Bahçesaray bölgesi"" AFAD İl Müdürü Mehmet Ulutaş, AA muhabirine, 2021'den bu yana çığ tedbirleri kapsamında kamu kurum personellerinden oluşan ekiplere çığ eğitimi verdiklerini söyledi. Geçen yıl Çatak, Başkale, Bahçesaray, Gevaş ve Muradiye'de görevli jandarma ve güvenlik korucularından oluşan 200 kişinin eğitimlerini tamamladıklarını anlatan Ulutaş, ""Şimdi de özel harekat polislerimize çığda arama ve kurtarma olay yeri yönetimi, çığ noktasından geçişin sağlanması, kar kesitlerinin alınma yöntemi, çığ testleri, çığın kopma, akma ve birikme noktalarının tespiti gibi konularda bilgiler veriliyor. Eğitimlerde yine ekiplerin oluşturulması ve müdahale konusundaki incelikler anlatılıyor."" dedi. Yapılan tatbikatlarla ekipleri afetlere hazır hale getirdiklerini belirten Ulutaş, şunları kaydetti: ""Tatbikatlarda ekiplerimiz hızlı bir şekilde geldikleri çığ yatağında başka çığ riskinin olup olmadığını tespit ediyor. Alanda bayraklama yöntemini uyguluyor ardından da gözle arama, fiziki arama ve cihazla arama tarama yapıyor. Özel harekat polislerinden oluşan 200 kişilik ekibe yıl sonuna kadar eğitimler vereceğiz. Dört gruba ayırdık. Diğer kurumlarda çalışanlara da eğitimlerimiz olacak. En sıkıntı yaşadığımız yer Bahçesaray bölgesi. Merkezden olay bölgesine gidene kadar olay yeri yönetimini sağlayacak ekiplerimizi oluşturduk. Bu ekipler ilk müdahaleyi yapacak. Sadece Bahçesaray'da 60 kişilik çığ timi oluşturduk. Amacımız ilk başta yerinde müdahale etmek. Merkezden bu bölgelere ulaşmak zaman alacağı için oluşturduğumuz ekipler anında müdahale edecek. Her ilçenin jandarma, polis ve güvenlik korucularından oluşan çığ ekipleri hazır."" Önlemlerin hayat kurtardığını ifade eden Ulutaş, ""5 ilçe için çığ patikalarını belirlediğimiz haritalar yayınladık. Çığ belirleme ve izleme ekibimiz var. Bunlar da kar yağışından sonra çığ tehlikesinin olup olmadığını tespit ediyor. Bu doğrultuda ilgili kamu kurum ve kuruluşlarına gerekli uyarıları yapıyoruz."" dedi. "
https://www.aa.com.tr/tr/gundem/agri-daginin-karla-kapli-eteklerine-yaban-hayvanlari-icin-bugday-birakildi/3125708,"Ağrı Ağrı'da, Doğa Koruma ve Milli Parklar Şube Müdürlüğü (DKMP) ile Türk Kızılay gönüllüleri, Ağrı Dağı'nın karla kaplı eteklerine yaban hayvanları için buğday bıraktı. Türkiye'nin 5137 rakımıyla en yüksek noktası olan Ağrı Dağı eteklerinin karla kaplı olması nedeniyle yaban hayvanları yiyecek bulmakta güçlük çekiyor. DKMP ekipleri de yaban hayvanlarının doğal yaşam alanlarında aç kalmaması için Türk Kızılay Doğubayazıt Şubesi işbirliğiyle çalışma başlattı. Ekipler ile gönüllüler bu kapsamda, araçlarla Ağrı Dağı'nın eteklerine gitti. 2 bin rakıma çıkan ekipler, burada karla kaplı araziye 800 kilogram buğday serpti. Gönüllülerden İlayda Kaya, yaban hayvanlarının kışın yiyecek bulmakta zorlandığına işaret ederek, bu nedenle böyle bir çalışma yaptıklarını söyledi. Çalışmaya, DKMP Şube Müdürü Niyazi Azgın, Türk Kızılay Doğubayazıt Şube Başkanı Kemal Şahin de katıldı. Ekiplerin doğadaki bu çalışması dronla görüntülendi. "
https://www.aa.com.tr/tr/gundem/gsb-yurtlari-asrin-felaketinde-depremzedelere-kapilarini-acti/3125704,"Ankara Üzerinden 1 yıl geçen depremlerde yüz binlerce vatandaşa kapılarını GSB yurtları açtı. Depremde zarar gören 11 ilin yanı sıra destek iller olarak belirlenen 8 il (Antalya, Karaman, Kayseri, Konya, Mardin, Mersin, Niğde ve Sivas) ile diğer şehirlerdeki yurtlar, depremzedelerin hizmetine açıldı. Yurtlarda 2023-2024 eğitim-öğretim döneminin başına kadar depremzedeler konaklamalarını gerçekleştirdi. Ülke genelinde toplam 620 yurtta 487 bin 339 vatandaş misafir edildi. Deprem bölgelerine yeni yurtlar Gençlik ve Spor Bakanlığı, deprem bölgelerindeki 9 ilde 11 adet yeni yurt projesinin çalışmalarına başladı. Depremde etkilenen az hasarlı yurt binalarının bakım ve onarım çalışmaları il müdürlükleri tarafından yapılarak, kullanıma açıldı. Deprem bölgesindeki 9 ilde 14 bin 250 yatak kapasiteli 11 adet yeni ağır çelik yurt projelerinin çalışmaları devam ediyor. Bölgede devam eden yeni yurt projeleri şöyle: Hatay 1000 Yatak Kapasiteli Öğrenci Yurdu, Hatay İskenderun 750 Yatak Kapasiteli Öğrenci Yurdu, Kahramanmaraş Onikişubat 2000 Yatak Kapasiteli Öğrenci Yurdu, Kahramanmaraş Dulkadiroğlu 2000 Yatak Kapasiteli Öğrenci Yurdu, Malatya 2000 Yatak Kapasiteli Öğrenci Yurdu, Adıyaman 1000 Yatak Kapasiteli Öğrenci Yurdu, Elazığ 1000 Yatak Kapasiteli Öğrenci Yurdu, Adana 1000 Yatak Kapasiteli Öğrenci Yurdu, Gaziantep 2000 Yatak Kapasiteli Öğrenci Yurdu, Kilis 1000 Yatak Kapasiteli Öğrenci Yurdu, Şanlıurfa Siverek 500 Yatak Kapasiteli Öğrenci Yurdu. Bakan Bak: Her bir depremzedeyi bağrımıza bastık Gençlik ve Spor Bakanı Osman Aşkın Bak, AA muhabirine yaptığı açıklamada, ""Bakanlık tesisleri, spor tesisleri, gençlik merkezleri, yurt ve kamplar ilk andan itibaren milletimizin emrindeydi. Her bir depremzedeyi bağrımıza bastık."" dedi. Bakan Bak, asrın felaketinin yıl dönümünde hayatını kaydedenlere Allah'tan rahmet, yakınlarına başsağlığı dileyerek, şunları kaydetti: ""Asrın felaketi olarak akıllara kazınan o gün, milletçe tarif edilemeyecek kadar büyük bir acıya tanıklık ettik. Acımız çok büyüktü ve gün dayanışma günüydü. Güçlü bir koordinasyonla bakanlık olarak tüm imkanlarımızı seferber ettik. Bakanlık tesisleri, spor tesisleri, gençlik merkezleri, yurt ve kamplar ilk andan itibaren milletimizin emrindeydi. Her bir depremzedeyi bağrımıza bastık. Onların tüm ihtiyaçlarını karşılamak için var gücümüzle çalıştık. Ülke genelinde 487 bin 339 vatandaşımızı bakanlık yurtlarında misafir ettik. Yüreğimize işleyen birçok görüntüyle bir yılı devirdik ama acımız hala taze. Yaralarımız kabuk tutmuş değil. Rabbim bir daha yaşatmasın."" "
https://www.aa.com.tr/tr/gundem/yargitay-eli-siki-kocayi-tam-kusurlu-buldu/3125701,"Ankara Denizli'de karşılıklı açılan boşanma davasında davacı-davalı erkek, kendisine saygısız davranan eşinin, evde yemek ve temizlik yapmadığını, bu işleri kendisinin yapmak zorunda kaldığını savundu. Eşinin bir müddet sonra evi terk ettiğini belirten koca, akrabaları aracılığıyla birçok kez haber göndermesine rağmen kadının eve dönmediğini ifade etti. Boşanmalarına karar verilmesini isteyen koca, ayrıca 50 bin lira maddi, 50 bin lira da manevi tazminat talebinde bulundu. Davalı-davacı kadın ise dilekçesinde, kocasının ev için gerekli temel ihtiyaç olan eşyaları almadığını, elektrik harcayacak diye de beyaz eşyaları kurdurmadığını belirtti. Kocasının kendisini hırsızlıkla itham ettiğini belirten kadın, her sabah cebindeki parayı kontrol ettiğini öne sürdü. Eşinin kendisini evden kovduğunu, kapı kilidini değiştirdiği için eve dönemediğini ifade eden kadın, 50 bin lira maddi, 100 bin lira ise manevi tazminat istedi. Kusurlu bulunan koca 15 bin lira maddi tazminat ödeyecek Denizli 4. Aile Mahkemesi, erkeğin eşine ev düzeni kurmaması, kadının piknik tüpünde yemek yapmak zorunda kalması ve eşinin evden ayrılmasını fırsat bilerek evin kilidini değiştirmesini kusur saydı. Boşanma davasında erkeği tam kusurlu bulan mahkeme, kadının ise bir kusurunun olmadığına hükmetti. Mahkeme, kadına 15 bin lira maddi tazminat verilmesine karar verdi. Kocanın, karara itiraz etmesi üzerine dosyaya bakan Antalya Bölge Adliye Mahkemesi 2. Hukuk Dairesi, yerel mahkeme kararının usul ve kanuna uygun olduğu gerekçesiyle istinaf başvurusunu esastan reddetti. Kararın temyiz edilmesi üzerine dosyaya bakan Yargıtay 2. Hukuk Dairesi de ev eşyalarını almayan, elektrik harcanacak diye beyaz eşyaları kullandırmadığı için eşinin piknik tüpünde yemek yapmasına neden olan kocayı tam kusurlu sayan yerel mahkeme kararını onadı. "
https://www.aa.com.tr/tr/gundem/sanliurfada-depremde-hasar-goren-54-cami-yeniden-ibadete-acildi/3125698,"Şanlıurfa .w3-content { max-width: 100%; margin: auto;} .w3-tooltip, .w3-display-container {position: relative;} .w3-black, .w3-hover-black:hover {  color: #fff!important; background-color: #000!important;} .w3-display-left { position: absolute; top: 50%; left: 0%; transform: translate(0%,-50%);-ms-transform: translate(-0%,-50%);} .w3-display-right { position: absolute; top: 50%; right: 0%; transform: translate(0%,-50%);-ms-transform: translate(0%,-50%);} .w3-btn, .w3-button {-webkit-touch-callout: none;-webkit-user-select: none; -khtml-user-select: none;-moz-user-select: none; -ms-user-select: none;user-select: none;} .w3-btn, .w3-button {border: none;display: inline-block;outline: 0;padding: 8px 16px;vertical-align: middle;overflow: hidden;text-decoration: none;color: inherit;background-color: inherit;text-align: center;cursor: pointer;white-space: nowrap;} ❮ ❯ Şanlıurfa'da depremde hasar gören 54 cami yeniden ibadete açıldı Türkiye'yi derinden etkileyen Kahramanmaraş merkezli 6 Şubat'taki depremlerde, inanç ve kültür turizminde önemli bir yere sahip olan Şanlıurfa'nın simge yapıları arasındaki camileri de hasar aldı. Depremlerde, kentteki 2 bin 144 camiden 1'i yıkıldı, 48'i ağır, 131'i de orta derecede hasar aldı. Hizmetleri etkileyecek şekilde hasar alan 180 camiden 54'ü tadilatın ardından ibadete açıldı, 102 camide ise bakım ve onarım işlemleri devam ediyor. Kültür ve Turizm Bakanlığı Vakıflar Genel Müdürlüğü mülkiyetinde ve korumasında olan 24 caminin ise bakım, onarım ve ihalesi yapıldı. Öte yandan depremlerde az hasarlı 390 camideki onarım çalışmaları da cami cemaatinin katkılarıyla giderildi. Balıklıgöl Platosu içerisinde yer alan Mevlid-i Halil (Dergah) ve Rızvaniye camilerinin hasar gören minareleri onarıldı. Hem deprem hem de sel felaketinde zarar gören Hasan Paşa Camisi'nde bakım ve onarım çalışmaları ise sürüyor. 126 camide çalışmalar devam ediyor Şanlıurfa Valisi Hasan Şıldak, AA muhabirine, depremden etkilenen iller arasındaki Şanlıurfa'da 180 caminin hasar gördüğünü söyledi. 54 caminin tadilatının tamamlandığını belirten Şıldak, ""Camilerimizdeki hasar tespiti çalışmalarının hemen sonrasında bunların giderilmesi, ağır ve orta hasarlı binalarımızın, camilerimizin yıkımı ve restorasyonlarının yürütülmesi kapsamında pek çok çalışma yürütülmüştür. 180 camimizden ağır hasarlarla birlikte 54'ünün şu ana kadar tadilat çalışması tamamlanmıştır."" dedi. Şıldak, 54 camide restorasyon projeleri dahilindeki güçlendirme ve tadilat çalışmalarının, Kültür Varlıklarını Koruma Kurulu ve Vakıflar Bölge Müdürlüğü rehberliğinde yürütüldüğünü ifade etti. Kentte 126 camideki çalışmaların ise devam ettiğini vurgulayan Şıldak, ""Vakıflar Bölge Müdürlüğümüz bu konuda çok hızlı bir tedbir aldı. 24 camimiz, Vakıflara ait camilerimizdir. Bunların hemen proje hazırlıkları ve kapsamlı şekilde onarımları için düğmeye basıldı, ihaleleri gerçekleştirildi. Bu konudaki çalışmalar devam ediyor. Orta hasarlı camilerimizdeki süreç, AFAD ile Çevre, Şehircilik ve İklim Değişikliği Müdürlüğümüzle irtibat halinde sürdürülmektedir."" diye konuştu. Vali Şıldak, 2023'ün acılarla dolu bir yıl olduğunu dile getirerek, şu değerlendirmede bulundu: ""Depremin yanı sıra bir de Şanlıurfa'nın yaşadığı sel felaketi, ilimiz genelinde pek çok camimizi de etkiledi. 390 camimizde de maalesef hafif hasar meydana geldi. Bunların pek çoğu yine bölge insanımız, hayırseverlerimiz tarafından giderildi, ibadete açıldı. Balıklıgöl ilimizin çok önemli bir inanç merkezi, Halil Ür-Rahman Gölü çevresindeki bu plato alanda pek çok tarihi özelliğe sahip camimiz de bulunuyor. En başta Mevlid-i Halil Cami yani Dergah Cami olmak üzere yine Rızvaniye Camisi'nin de minarelerinde hasar oluşmuştu. Bu hasarlar da çok hızlı şekilde giderildi, ibadete açıldı. Yine Halil Ür-Rahman Camimizde selden dolayı hasar meydana gelmişti. Hasan Paşa Camimizde de yine bir sel dolayısıyla zarar oluşmuştu. Bunların da giderildiğini söyleyebilirim."" "
https://www.aa.com.tr/tr/gundem/tdv-6-subat-depremlerinin-ardindan-yaklasik-10-milyon-depremzedeye-yardim-eli-uzatti/3125682,"Ankara Turan, AA muhabirine yaptığı açıklamada, ""asrın felaketi"" olarak tanımlanan depremlerde hayatını kaybedenlere Allah'tan rahmet, yakınlarına sabır diledi. Türkiye'nin afet bölgesi olması nedeniyle tedbiri elden bırakmamak gerektiğinin altını çizen Turan, yıkımı çok büyük olan depremlerin tüm Türkiye'yi ayağa kaldırdığını ifade etti. ""17 bin personel ile hep alanda olduk"" Depremler sonrasında Diyanet İşleri Başkanlığı ve TDV'nin acil toplanıp aksiyon aldığını aktaran Turan, ""Bir görev dağılımı oldu. Günlerce, aylarca gündüzü geceye, geceyi gündüze katarak çalışmalarımız devam etti. Mobil ikram araçlarımız, mobil mutfağımız, arama kurtarma ekipmanlarımız ve alimizde afetle ilgili ne tür imkanlar varsa onları hepsini alana yönlendirdik. İlk gün itibariyle Diyanet İşleri Başkanımız başta olmak üzere ekiplerimiz olay mahalline intikal ettiler. Durum tespiti, acil yapılması gerekenler yapıldı. Ondan sonra da 17 bin personel ile hep alanda olduk."" ifadelerini kullandı. Diyanet ve vakıf personellerinin halen afet bölgesinde görev başında olduğunu belirten Turan, ""Deprem bölgesindeki Kur'an kursu hocalarımız, imamlarımız, müezzinlerimiz, vaizlerimiz ve müftülerimiz gerçekten efsane çalışmalar yaptı."" diye konuştu. Fotoğraf: İsmail Kaplan/AA ""Definler noktasında en ufak bir aksama olmadı"" Cenaze, defin işlerini normalde belediyelerin yürüttüğünü ancak afetin büyüklüğü nedeniyle bu işlemlerin din görevlilerince yapıldığını söyleyen Turan, ""Definler noktasında en ufak bir aksama olmadı. Cenaze sahibinin gelip orada durmaya bile cesaret edemediği durumlarda arkadaşlarımız cenazeleri yıkayıp kefenlediler ve mezara götürdüler. Öyle cenazelerimiz oldu ki yıkayanı, defnedeni ve okuyanı aynı kişiler oldu. Bunlar bizim görevli arkadaşlarımızdı."" dedi. İlk etapta yaklaşık 4 bin çadır ile 3 bin 600 konteyneri AFAD ve Türk Kızılay'a teslim ettiklerini bildiren Turan, depremzedelere manevi rehberlik yaptıklarını da dile getirdi. Vakfın, depremlerin etkilediği 11 il ile diğer kentlere göç eden depremzedelere yönelik yardımlarına değinen Turan, şöyle konuştu: ""10 milyon insanımıza ulaştık. Kayıtlarımız bunu gösteriyor. İnsani ihtiyaç malzemeleri, sıcak yemek, kahvaltı, ramazan ve sahur programları, ramazanda dağıtığımız yardım kartları, elbiselik yardım kartlarımız gibi birçok alanda yardımlarımızı yürüttük çok şükür. Kurban bayramında 69 bin kurban hissesinde 10 bininden fazlasını deprem bölgesine gönderdik. Bunun yanında hemen hemen bütün ailelere kavurma ulaştırdık. Birinci önceliğimiz deprem bölgesi oldu."" Turan, Başkanlığa bağlı yurt ve Kur'an kurslarında depremzedeleri ağırladıklarını belirterek, bu depremzedelerin tüm ihtiyaçlarını karşıladıklarını kaydetti. "
https://www.aa.com.tr/tr/gundem/hataylilar-6-subatin-birinci-yilinda-sehri-yeniden-ayaga-kaldirmak-istiyor/3125683,"Istanbul Gizem Miçooğulları Hakan, 6 Şubat 2023'te meydana gelen, 11 ili etkileyen ve ''asrın felaketi'' olarak nitelendirilen depremde büyük bir yıkım yaşayan Antakya'nın inşası ve onarımı için kolları sıvayan Yeniden Antakya Platformu (YAP) Derneğinin kurucu üyesi. Kendisi de ailesiyle birlikte o gece felaketi yaşayan depremzedelerden bir olan Hakan, platform olarak Antakya için yapmak istediklerini ve o gece yaşadıklarını AA'ya anlattı. Hakan, Hataylıların depremle yaşamaya alışık bir toplum olduğunu dile getirerek, ""6 Şubat'taki depremden önce Hatay'da 5 şiddetinde bir deprem olmuştu. Hiç aşağı bile inmedik, birbirimizi arar, 'İyi misin?' diye sorar, panik yapmazdık. Belki de birçok insan 6 Şubat gecesi yine 'deprem hemen bitecek' zannederek yataklarından kalkmadığı için hayatını kaybetmiş olabilir. "" ifadelerini kullandı. ""Bir şehrin çığlık attığını duyduk"" 6 Şubat gecesi kendi evinin çok ağır hasar aldığını anlatan Hakan, şöyle konuştu: ""O gece şansa annemin evindeydik. 'Akşam peynirli helva yapacağım, eve gitmeyin' dedi. Fırtınalı bir geceydi, çok gürültü vardı ve uyuyamıyordum. Sarsıntıyı hissettiğim an irkildim ve hemen kızım aklıma geldi. Ona ulaşmak için bir koridoru geçmem gerekiyordu. Depremin ilk saniyelerinde bir yerlere tutunarak yürüyebiliyorduk. Depremin şiddetini şöyle anlatayım, eşim 1,85 boyunda olmasına rağmen onu havada gördüm. Tutunmaya çalışmamıza rağmen yerde sabit kalamıyorduk. O an binanın yıkılmasından çok bir duvarın yıkılmasıyla aşağıya uçmaktan korkuyordum."" Hakan, inanılmaz bir sarsıntı yaşadıklarını, tüm depremzedelerde halen o sarsıntı hissinin devam ettiğini vurgulayarak, ""O gece 110 saniye süren depremde, bir şehrin çığlık attığını duyduk. Aşağıya indiğimizde hepimiz şoktaydık, herkes bir tarafa kaçışıyordu. Arabalarla kaçmak isteyenler kaza yapıyordu. Hatay küçük bir şehir olmasına rağmen büyük bir kaos yaşandı. O yüzden olası İstanbul depreminde, depremden çok ardından yaşanabilecek kaostan korkuyorum. ""değerlendirmesinde bulundu. ""Ömrümüz boyunca bu travmayı silmeyeceğiz"" Herkesin pijamalarıyla, yalın ayak dışarıya çıktığını dile getiren Hakan, ""İlk başta neresi yıkıldı, depremin boyutu ne kadar anlamakta zorlandık. Olayın vahametini hava aydınlanmaya başladığında anladık. Ömrümüz boyunca bu travmayı silmeyeceğiz. 9 yaşındaki kızım hala psikolojik destek görüyor. Depremzedeler ömürleri boyunca o geceyi yaşayacaklar."" şeklinde konuştu. Hakan, Hatay'da yaşanan depremin dünyada eşi benzeri görülmediğine inandığına vurgu yaparak, şöyle devam etti: ""İlk başta Hatay'da deprem olduğu fark edilmedi. Bu durumun daha sonra 'Herkese yardım geldi, Hatay'a yardım gelmedi' şekline dönüştürülmesine açıkçası karşıyım. Zira Türkiye'nin afet planlamasına göre her ile etrafındaki 3 ilin yardımcı olması gerekiyor. Ancak birbirine destek olması gereken 11 il de yıkıldı. Nasıl birbirlerine yardım etsinler? Bir devletin altından kalkacağı bir deprem değildi. Bu afetten sonra ders alıp, etrafındaki 3 il de afete maruz kalırsa ne yapabileceğimizi planlamalıyız. Hatta daha geniş bir çember çizilebilir. "" Hakan, Hatay'ın dinlerin ve kültürlerin birleştiği bir şehir olduğunu aktararak, ""Hataylıların umudu hiç bitmez. Özellikle Hataylı kadınların Hatay'ı ayakta tuttuğuna inanıyorum. Evi hatta şehrini ayakta tutan kadındır. Şu an hiçbir kadın Hatay'ı terk etmek istemiyor. Kadın, çocuğuna bakabilirse ve evini idame ettirebilirse şehrini terk etmez. Herkes şehrinde kalmak istiyor."" ifadelerini kullandı. ""Amacımız, insanların yeniden Hatay'a dönmesini sağlamak"" YAP'ın, Antakya ile bağları yüzlerce yıla dayanan ailelerin çocuklarının bir araya gelerek kurduğu bir dernek olduğunu belirten Hakan, ""Depremden hemen sonra bir araya geldik. Başkanımız Prof. Dr. Gazi Huri, Hatay için bizleri göreve çağırdı. Amacımız, tamamen yıkılmış olan şehrimizin kültürel mirasını korumak, insanların yeniden Hatay'a dönmesini sağlamak, bir bakıma yok olmuş şehri yeniden ayağa kaldırmak. Derneğimizin amacı, ağrı kesici olmak değil de bir anlamda kalıcı tedaviler uygulamak."" dedi. Hakan, dernek olarak, 5 alanda faaliyet gösterdiklerine dikkati çekerek, şöyle konuştu: ""Bu 5 hedefimizi; sağlık, eğitim, sanayi-istihdam, besin zinciri-gastronomi ve kültürel miras olarak özetleyebiliriz. İlk olarak, Sağlık Bakanlığıyla gezici hastaneler konusunda işbirliği yaptık. Özellikle eğitime odaklandık. Ampute çocuklar için gönüllü eğitim merkezleri kurduk. Evlerinin direkleri kadınları ayakta tutmak, onların hayata tutunmalarına ufacık da olsa katkıda bulunmak için kadın istihdamına çok önem veriyoruz. İpek üreticiliği ve mozaik yapımını destekliyoruz. Enkaz taşlarıyla yapılmış mozaik çalışmalarımız var. Depremden sonra baş gösteren içme suyu sorununu çözmek için okullara arıtma sistemleri kurduk. İstihdama katkı sağlamak ve yerel ürünleri öne çıkarmak için üretici-satıcı-alıcıyı bir araya getiren platformlara destek olduk."" ""Şehrimizi ayağa kaldırmalıyız"" Hakan, dernek olarak en büyük hayallerinin Hatay'da bir gastronomi üniversitesi kurmak olduğunu dile getirerek, ""6 Şubat'ta bir kütüphane açacağız ve bunun sürdürülebilir olmasını ve dernek bünyesinde birçok kütüphaneyi hayata geçirmek istiyoruz. Öğrencilerimize burs veriyoruz, bağışlarla bu burs sayısını artırmayı amaçlıyoruz."" dedi. Dernek olarak umudu yeşertmek istediklerinin altını çizen Hakan, sözlerini şöyle sürdürdü: ""Bizler, 6 Şubat'ta yası bitirelim, şehrimizi ayağa kaldıralım istiyoruz. Biliyorum bu çok acımasız da gelebilir ama bir yılımız doldu, çok insan kaybettik. Ancak bir yerden başlamamız lazım ve artık yasımız bitsin istiyoruz. Şehrimizi ayağa kaldırmalıyız. Hatay'ın bu depremden ders çıkarır şekilde tarihi dokusunu koruyarak, yatay mimariyle yeniden planlanmasını istiyoruz. Demografik yapıyı bozmazsak Hatay Hatay olarak kalır. Dışardan göç alırsak, demografik yapımız bozulur o yüzden Hataylıyı Hatay'a geri döndürmeliyiz. "" Hatay'ın daha önce de depremler yaşadığını hatırlan Hakan, daha önce 7 kez yerle bir olan şehrin 8'inci defa yerle bir olmasına denk geldiklerini ifade ederek, bir felaket yaşandığında dernek olarak hızlıca nasıl koordine olunması gerektiği konusunda önemli bir tecrübeye sahip olduklarını söyledi. "
https://www.aa.com.tr/tr/gundem/filistin-asilli-ingiliz-akademisyen-tamimi-siyonizm-eninde-sonunda-yenilgiye-ugrayacak/3125669,"İstanbul Londra merkezli Arapça yayın yapan El-Hivar televizyonunun Genel Yayın Yönetmeni ve sunucusu Azzam Tamimi, AA muhabirine, Nekbe'nin (Büyük Felaket) tanıklarından olan ailesinin yaşadıklarını, Filistinlilerin yurtlarından atılma sürecini ve 7 Ekim'den bu yana devam eden İsrail-Filistin çatışmasını değerlendirdi. Tamimi, 1955'te Filistin'in El Halil kentinde doğduğunu belirterek, ""İsrail 1948'de kurulduğunda annem, ailesi ve kardeşleriyle birlikte Birüssebi'deki (Beerşeba) evlerinden sürülmüş ve El Halil'e, babamın doğduğu kente gitmişler. Annem ve babam orada tanışmış ve daha sonra evlenmiş. Yani ben de Nekbe'nin sonuçlarından biriyim."" diye konuştu. İsrail'in 1948'de bağımsızlığını ilan etmesiyle Filistinlilerin yurtlarından çıkarılması sürecinin Nekbe olarak adlandırıldığını kaydeden Tamimi, ""Çoğu Filistinli, İsrail'in Filistin'in herhangi bir parçasında var olma hakkını tanımıyor."" ifadesini kullandı. Tamimi, sadece 8 yaşına kadar Filistin'de yaşayabildiğini aktararak, ""Nekbe, tarihimizin bir parçası. Ailemin, bize anlattıklarına ve bu deneyimleri yazan insanların anılarından okuduklarımıza göre yaşananlar gerçek bir felaketti. Ben, kardeşlerim ve sanırım benim kuşağımdaki tüm Filistinliler, bir gün halkımıza yapılan yanlışların düzeltileceğini ve evimize döneceğimizi umarak büyüdük."" diye konuştu. Filistin'de Nekbe'ye giden süreç Birinci Dünya Savaşı'nın ardından kurulan Milletler Cemiyeti'nin, 1922'de İngiltere'ye Filistin üzerinde manda yetkisi verdiğini anımsatan Tamimi, ""İngilizler, lehlerine olan bazı Osmanlı dönemine ait kanunları da kullanarak, yerli nüfusa karşı Yahudi göçmenleri kayırdı, onlara toprak verdi ve Filistinlilere verilmeyen ayrıcalıklara sahip olmalarını sağladı. Dolayısıyla İngiliz mandası, siyonist hareketin kendini kabul ettirmesi ve birçok kurumunu Avrupa'dan Filistin'e taşıması için bir fırsattı."" görüşünü paylaştı. Tamimi, özellikle Almanya'da Nazi Partisi'nin hızlı yükselişiyle Filistin'e Yahudi göçünün arttığına vurgu yaparak, ""Birdenbire vatanınız elinizden alınıyor ve insanlar dışarıdan, çok uzaklardan gelip kendilerine karşı başka biri tarafından işlenen dehşetin kurbanları olduklarını iddia ediyor ve sizin bununla hiçbir ilginiz yok. Sonra bu insanların kendi devleti olsun diye siz vatanınızdan oluyorsunuz."" dedi. Filistin'in biri Yahudi, diğeri Arap olmak üzere iki devlete bölünmesini öngören ve 29 Kasım 1947'de kabul edilen Birleşmiş Milletler taksim planının, Filistinlilerin yurtlarından sürülme sürecini hızlandırdığına işaret eden Tamimi, sözlerini şöyle sürdürdü: ""Filistinliler için bu imkansız bir teklifti çünkü benden kendi evimi, kendi bahçemi Avrupa'dan yeni gelmiş biriyle paylaşmamı istiyorsunuz. Hiç mantıklı değildi. Elbette çok sonraları pek çok kişi Filistinlileri suçladı ve onlara 'Bölünmüş toprakları kabul etseydiniz, kendi devletinize sahip olurdunuz.' dedi. Ancak bu doğru değil, çünkü siyonistler Filistin'in tamamını işgal etmeye niyetliydi ancak bunu aşamalı olarak gerçekleştireceklerdi."" ""Ailemin Filistin'deki evlerinin anahtarları her zaman duvarda asılı dururdu"" Tamimi, İsrail'in 14 Mayıs 1948'de bağımsızlığını ilan etmesiyle Filistin köylerindeki etnik temizliğin yoğunlaştığına dikkati çekerek, şunları aktardı: ""Birüssebi'den sürülen anneannem ve dedeme, 'Sorun yok, gidebilirsiniz, güvenli bir sığınak bulun, her şeyi içeride bırakın, sadece kapıyı kilitleyin ve anahtarları alın, birkaç hafta içinde sorunu çözeceğiz o zaman geri gelebilirsiniz.' dediler. Onlar da söyleneni yaptı. Kapıyı kilitlediler, anahtarları sakladılar ve El Halil'e gittiler ama bir daha asla geri dönemediler. Çocukken o anahtarları görürdük. Ailemin Filistin'deki evlerinin anahtarları her zaman duvarda asılı dururdu."" Filistinli Arapların vatanlarını korumak için büyük mücadele verdiğini vurgulayan Tamimi, ""Babam, Filistin'de siyonist devletin kurulmasını engellemek için 1948'deki savaşta amcamla birlikte savaştı ve amcam şehit oldu."" diye konuştu. Tamimi, Filistinlilerin 1948'den bu yana direnişi hiç bırakmadığının altını çizerek, ""Yahudi göçmenler Avrupa'dan gelmeye ve Filistin'i işgal etmeye başladığından beri Filistinliler mücadelelerine hiç ara vermedi. Çocuklarımıza ve torunlarımıza Filistin'de hakları olduğunu ve mücadeleye devam etmeleri gerektiğini öğretiyoruz."" ifadesini kullandı. ""ABD'nin Vietnam yenilgisinden, Fransa'nın Cezayir yenilgisinden ders almıyorlar"" İsrail'in Gazze'de 7 Ekim'den bu yana sivilleri hedef almasına rağmen uluslararası toplumdaki sessizliğe değinen Tamimi, ""Sözde uluslararası toplumun, yani bugün ABD'nin başını çektiği dünyadaki emperyalist güçlerin tutumu bana Güney Afrika'da apartheid olarak da adlandırılan beyaz ırkçı azınlık rejiminin, çoğunluktaki siyahları köleleştirip onları temel haklarından mahrum bıraktığı dönemdeki tutumlarını hatırlatıyor."" değerlendirmesinde bulundu Tamimi, siyonistlerin ve Batılı devletlerin tarihten ders çıkarmadığına işaret ederek, şunları aktardı: ""O kadar kibirliler ki gözleri kör olmuş. Tarihten ders çıkarmak istemiyorlar. ABD'nin Vietnam yenilgisinden, Fransa'nın Cezayir yenilgisinden ya da Güney Afrika'da ırkçılığın yenilgisinden ders almak istemiyorlar. Aynı şey Filistin'de de olacak. Siyonizm eninde sonunda yenilgiye uğrayacak. Batılı hükümetler yaptıklarından ve yapacaklarından pişman olacak."" Bugün Gazze'deki mücadelenin tarihte bir kırılma noktası olacağı görüşünü paylaşan Tamimi, sözlerini şöyle noktaladı: ""Bugün yaşananlar, durdurulamaz şekilde devam eden bir mücadelenin parçası ve sanırım bugün bu mücadelede yeni bir sayfa açıldığını görüyoruz. Bu mesele sadece Filistinlilerin meselesi değil. Bence Gazze'de yaşananlar ABD'deki Yahudiler de dahil olmak üzere küresel bir ayaklanmaya neden oluyor. Diasporada siyonizme karşı çıkan, siyonizmi reddeden ve Filistinlilerin yanında yer alan Yahudilerin sayısının giderek artığını duyuyor ve görüyoruz. Filistin'deki durumun değişmesine yardımcı olacak şey de bu."" "
https://www.aa.com.tr/tr/gundem/irakin-kuzeyindeki-asos-bolgesinde-4-pkkli-terorist-etkisiz-hale-getirildi/3125656,"Ankara Bakanlıktan yapılan açıklamada, ""Gücünü asil milletimizden alan Türk Silahlı Kuvvetlerimiz, Irak'ın kuzeyinde terörist temizliğine ara vermeden devam ediyor. Irak'ın kuzeyindeki Asos bölgesinde tespit edilen 4 PKK'lı terörist, hava harekatıyla etkisiz hale getirildi. Bölgede tek bir terörist kalmayıncaya kadar operasyonlarımız kararlılıkla sürecek."" ifadeleri kullanıldı. Gücünü asil milletimizden alan Türk Silahlı Kuvvetlerimiz, Irak'ın kuzeyinde terörist temizliğine ara vermeden devam ediyor. Irak’ın kuzeyindeki Asos bölgesinde tespit edilen 4 PKK’lı terörist, hava harekâtı ile etkisiz hâle getirildi. Bölgede tek bir terörist kalmayıncaya… pic.twitter.com/qK8GonH5XO — T.C. Millî Savunma Bakanlığı (@tcsavunma) February 2, 2024 "
https://www.aa.com.tr/tr/gundem/inonu-universitesi-depremin-yaralarini-sariyor/3125654,"Malatya 1975 yılında kurulan ve yaklaşık 40 bin öğrencisi bulunan üniversitede hasar alan fakülte ve idari binaların yıkımına devam ediliyor. Üniversite yönetimi, yıkılan yapıların yerine yapılacak yeni binaların proje çalışmalarını sürdürüyor. Rektör Prof. Dr. Ahmet Kızılay, AA muhabirine, 6 Şubat depremlerinin Malatya'yı da etkilediğini söyledi. Üniversite binalarının da depremde hasar aldığını, 20 binanın ağır hasarlı olduğunu belirten Kızılay, ""Bu 20 binanın 12'sinin yıkımı tamamlandı, 8'inde yıkım devam ediyor. Bunlar da birkaç aya kadar tamamlanacak. Dolayısıyla 20 binamız, yaklaşık 90 bin metrekare kapalı alanımız ki bu binalar 35 yaş ve üstünde, kampüsümüzün ilk binaları. Bunlar o dönemin kurallarına göre yapıldığı için bugünkü deprem kurallarına göre de artık özellikleri itibarıyla eğitimi sürdüremeyeceğimiz binalardı."" dedi. Kızılay, 6 Şubat'tan sonra bahar döneminde online eğitime geçtiklerini, güz yarıyılına yüz yüze eğitimle başladıklarını vurgulayarak, ilk dönemi yüz yüze tamamladıklarını, şimdiyse final sınavlarının yapıldığını kaydetti. Deprem döneminde kendi asli işlerinin yanı sıra kente de önemli katkı vererek bu büyük afeti yönetmek ve en az hasarla atlatmak üzere çalıştıklarını belirten Kızılay, şöyle konuştu: ""Bu afetin bir yıl içinde yaralarını da sarmaya başladık. Kampüsümüzde 800 civarında gerek konteyner gerek vagon evde kendi akademik ve idari personelimiz kalıyor. Ayrıca yine kampüsümüzde şehrin en büyük konteyner kentlerinden birinin alanını da AFAD'a verdik, AFAD yaptı. Orada da 10 binin üzerinde insan kalıyor. Orayı AFAD yönetiyor ama diğer 800 civarında konteyner kent ve vagon ev grubu da üniversitemizin sorumluluğunda. Yurtlarımızın hepsi sağlam, öğrencilerimiz orada kalıyor. Üniversitemizin hali hazırda kullandığı eğitim öğretim binaları tümüyle sağlam, hastanelerimiz sağlam. Dolayısıyla depreme dayanıksız olanları eledikten sonra geriye kalan binalarımızda eğitim öğretim yüz yüze devam etti. Böylece bir yılı tamamladık."" Diş Hastanesi birkaç ay içinde açılacak Depremin ikinci yılında yeniden yapılaşma dönemine geçeceklerini kaydeden Kızılay, ""Kaybettiğimiz fakülte binalarımızı, laboratuvarlarımızı yeniden yapmaya başladık. Hayırseverimiz Bayram Kızılaslan, bize 2 bin metrekarenin üzerinde araştırma laboratuvarı yapıyor. Yine bizim kendi 2024 yılı yatırım bütçemizle merkezi derslik binamızı yapacağız. Öğrenci yemekhanesi, diğer adıyla mediko sosyal binası depremde tümüyle hasar gören binamızdı, bu yıl yapımına başlayacağız."" dedi. Daha önce yapımına başladıkları ve sonuna geldikleri Diş Hastanesini de birkaç ay içinde açacaklarını belirten Kızılay, 20 bin metrekarenin üzerinde kapalı alana sahip çok güzel hastane olduğunu söyledi. Deprem sonrası kampüste yeniden bir ihya, dinamizm, yenilenme çalışması başlattıklarını, daha önce yerleşkede hizmet sunan bir özel okulun kent merkezine taşınması üzerine bu okulun hasarsız binalarını da üniversite olarak hizmete alacaklarını dile getiren Kızılay, depremin ikinci yılında artık eskisinden daha güçlü çalışmalarını sürdüreceklerini belirtti. Kızılay, depremlerde 65 öğrencilerini, 7 akademik ve idari personeli kaybettiklerini, çalışan ve öğrencilerinin çok sayıda yakınının da vefat ettiğini aktararak, sözlerini şöyle tamamladı: ""Bütün kayıplarımıza Allah'tan rahmet diliyorum, mekanları cennet olsun. Onları bir taraftan toprağa gömdük ama bir taraftan yüreğimize gömdük. Bu deprem bize şunu bir kez daha gösterdi ki bütün şehrimizi depreme dirençli kılmak zorundayız. Onun için de üniversitede en ufak orta hasarlı mı, ağır hasarlı mı diye tereddüt ettiğimiz binalar olduysa tereddüdün ağır kısmına yöneldik ki kalan binalarımızdan emin olalım. Ekiplerimiz, bütün inceleme ve ölçümlerimizde bu hassasiyetle çalıştı. Yine güçlendirme ihtiyacı duyduğumuz binamız konusunda da güçlendirme çalışmalarını başlattık."" "
https://www.aa.com.tr/tr/gundem/bakan-isikhan-13-ilacin-daha-geri-odeme-listesine-alindigini-duyurdu/3125652,"Ankara Çalışma ve Sosyal Güvenlik Bakanı Vedat Işıkhan, sosyal medya hesabından yaptığı paylaşımda, vatandaşın ilaca erişimini kolaylaştırdıklarını belirtti. Paylaşımında, 2 kanser, antibiyotik, romatolojik hastalık ile bir antiromatizmal, psikiyatri, astım, KOAH, antibakteriyel, antiviral ilacın geri ödeme listesine alındığı bilgisini veren Işıkhan, şunları kaydetti: ""Sosyal Güvenlik Kurumumuzun Bedeli Ödenecek İlaçlar Listesi'nde yapılan düzenleme ile 11’i yerli üretim olmak üzere 13 ilacı daha geri ödeme listesine aldık. İlaçların hastalarımıza şifa olmasını temenni eder, vatandaşlarımıza sağlıklı bir ömür dilerim."" "
https://www.aa.com.tr/tr/gundem/egitimde-tatil-doneminin-bitmesiyle-yogunluk-yasanan-buyuk-istanbul-otogarinda-otobusler-denetlendi/3125650,"İstanbul Eğitimde ikinci dönem tatilinin bugün sona ermesiyle birlikte, Büyük İstanbul Otogarı'nda tatil dönüşü yoğunluğu yaşanıyor. İstanbul Trafik Denetleme Şube Müdürlüğü ekipleri bu kapsamda otogarda denetim işlemi uyguladı. Otogarın giriş ve çıkışında otobüsleri durduran ekipler, araçların lastiklerini ve sürücülerin belgelerini kontrol etti. Denetimlerde ekipler, sürücülere trafik kurallarına uymaları, yolculara da emniyet kemeri takmaları uyarısında bulundu. "
https://www.aa.com.tr/tr/gundem/kahramanmarastaki-depremde-82-kisinin-oldugu-apartman-yonetmelige-uygun-yapilmamis/3125642,"Kahramanmaraş Kahramanmaraş Cumhuriyet Başsavcılığınca, merkez Onikişubat ilçesine bağlı Hayrullah Mahallesi 33018 Sokak'ta yıkılan 9 katlı binanın müteahhidi, statik proje müellifi ve fenni mesulü Ç.D. ile müteahhit G.Ç. hakkında, ""Bilinçli taksirle birden fazla kişinin ölümüne neden olma"" suçundan 22 yıl 6'şar aya kadar hapis istemiyle hazırlanan iddianame, Kahramanmaraş 2. Ağır Ceza Mahkemesince kabul edildi. Yıkılan binada 82 kişinin yaşamını yitirdiği, yaralanmaların yaşandığı hatırlatılan iddianamede, binanın durumunun tespiti için bilirkişi heyetince inceleme yapıldığı, kolon ve kirişlerinden karot ile demir örnekleri alınarak muhafaza edildiği, hazırlanan raporların Munzur Üniversitesinden 7 kişilik heyete tevdi edildiği belirtildi. İddianamede, bilirkişi raporunda asli kusur atfedilen şüphelilerin savunmalarında üzerlerine atılı suçlamaları kabul etmediği anlatılarak, soruşturmaya konu binanın depremde yıkılmasında proje ve yapım aşamalarında mevzuat hükümlerine yeterince uyulmadığının görüldüğü aktarıldı. 9 katlı binanın 1975 yılındaki afet yönetmeliği hükümlerine tabi olduğuna işaret edilen iddianamede, ""1975 afet yönetmeliğinde 'en küçük kolon boyutu 25 santimetreden küçük olamaz' şartının bulunduğu ancak soruşturma konusu yapının projesinde etriye aralığı her yerde 20 cm olarak alınmıştır. Dolayısıyla bina bu açıdan deprem yönetmeliği şartını sağlamamaktadır. Binadan alınan demir donatı çekme test sonuçlarının bir kısmı mevzuat kriterlerini sağlamamaktadır."" ifadeleri kullanıldı. "
https://www.aa.com.tr/tr/gundem/dogu-anadoluda-akarsular-dondu-catilarda-buz-sarkitlari-olustu/3125628,"Erzurum Gece termometrelerin sıfırın altında 18 dereceyi gösterdiği Erzurum'da, bina ve iş yerlerinin çatılarında buz sarkıtları meydana geldi. Park halindeki araçların camlarının buz tuttuğu kentte, yol ve kaldırımlarda buzlanma meydana geldi, cami bahçelerindeki şadırvanlar buzla kaplandı. Ardahan Ardahan'da soğuk hava hayatı olumsuz etkiliyor. Hava sıcaklığının gece eksi 29 derece ölçüldüğü kentte, akarsu ve göllerin yüzeyinde buz tabakası oluştu. Çıldır Gölü'nün yüzeyindeki buzu kıran bazı besiciler, hayvanlarının su ihtiyacını karşıladı. Doğada yem bulamayan bir tilki, Ardahan-Çıldır kara yolunda yiyecek ararken görüntülendi. Ayrıca kentte sabah erken saatlerde dışarı çıkanların kaş ve kirpiği buz tuttu. Ağrı Hava sıcaklığının gece sıfırın altında 21 derce kaydedildiği Ağrı'da, araç camları buzla kaplandı. Nehir ve derelerin donduğu kentte, binaların çatılarında buz sarkıtları oluştu. Sürücülerden Yusuf İslam Yiğit, AA muhabirine, havaların çok soğuk olduğunu ve donan aracını çalıştırırken zorlandığını söyledi. Kars Kars'ta termometreler gece sıfırın altında 21 dereceyi gösterdi. Soğuk hava nedeniyle Kars Çayı'nın tamamı dondu, ağaç ve bitkilerde kırağı oluştu. Buzla kaplanan kaldırım ve yollarda belediye ekipleri tuzlama ve buz kırma çalışması başlattı. Sarıkamış ilçesinde ise bina çatılarında, buz sarkıtları oluştu, ağaçlar bitkiler kırağı tuttu. İlçe merkezine 11 kilometre uzaklıkta ve 2007 metre rakımda bulunan Asboğa Gölü tamamen dondu. Yüzeyi karla kaplı yaklaşık 13 bin 800 metrekarelik alana sahip gölde güzel görüntüler oluştu. Tunceli Tunceli’de soğuk hava nedeniyle ana cadde ve sokaklarda buzlanma oluştu. Ağaçların da kırağıyla kaplandığı kentte, dereler ve şelaleler buzla kaplandı. Bazı vatandaşlar, kar ve soğuk nedeniyle yiyecek bulamayan serçeleri yemledi. "
https://www.aa.com.tr/tr/gundem/rekabet-kurulu-tibbi-cihaz-sektorunde-faaliyet-gosteren-3-tesebbuse-sorusturma-acti/3125622,"Ankara Rekabet Kurumunun internet sitesinde yer alan duyuruya göre, Bıçakcılar Tıbbi Cihazlar Sanayi ve Ticaret AŞ, Gazi Kimya Sanayi ve Ticaret AŞ ve Rectus Medikal Ürünler ve Sağlık Hizmetleri Sanayi ve Ticaret Limited Şirketinin Rekabetin Korunması Hakkında Kanun'u ihlal ettikleri iddiasına yönelik yürütülen ön araştırmalar Kurulca karara bağlandı. Elde edilen bilgileri, belgeleri ve yapılan tespitleri müzakere eden Kurul, bulguları ciddi ve yeterli bularak, söz konusu teşebbüsler hakkında soruşturma açılmasına karar verdi. Kurulca alınan soruşturma kararları, hakkında soruşturma açılan teşebbüs ya da teşebbüs birliklerinin Kanun'u ihlal ettikleri ve yaptırımla karşı karşıya kaldıkları veya kalacakları anlamına gelmiyor. "
https://www.aa.com.tr/tr/gundem/icisleri-bakani-yerlikaya-41-bin-deprem-konut-ve-5-bin-koy-evinin-kura-cekimi-yapilacak/3125615,"Ankara İçişleri Bakanı Ali Yerlikaya, Afet ve Acil Durum Yönetimi Başkanlığı'nda (AFAD) düzenlenen ""Kahramanmaraş Merkezli Depremleri Değerlendirme Toplantısı""nda açıklamalarda bulundu. Yerlikaya, 6 Şubat 2023'teki Kahramanmaraş merkezli depremlerin ardından hızlı ve etkin şekilde çalışma başlatıldığını anımsatarak, ""Sayın Cumhurbaşkanımızın talimatlarıyla, felaketlerin yaşandığı her ile koordinasyonu sağlamak üzere, kabinemizin hemen hemen tüm bakanları görevlendirildi."" dedi. Depremlerin 120 bin kilometrekarelik alanda, 11 il, 124 ilçe, 6 bin 929 köy ve mahallede etkili olduğunu ifade eden Yerlikaya, ""Ağır yıkıma neden olan depremlerde 53 bin 537 canımızı yitirdik, 107 bin 213 vatandaşımız da yaralandı."" diye konuştu. Bu süreçte devlet ve milletin tek yürek olarak hareket ettiğini anlatan Yerlikaya, şöyle devam etti: ""Aziz milletimiz, kamu kuruluşlarımız, tüm mahalli idareler, sivil toplum kuruluşları, medyamız, 7'den 70'e herkes el ele veriyor, elden ele su, gıda, ilaç, giyecek, hijyen, yani yaşam için ne gerekiyorsa onları kolilerle tırlara yüklüyordu. Bölgede beslenme hizmeti kapsamında günlük ortalama 4 milyon kişiye yemek hizmeti verildi. 20 milyon gıda kolisi dağıtıldı, yaklaşık 150 bin yardım tırı bölgeye ulaştırıldı ve bunların dağıtımları koordine edildi. Evindeki yorganını gönderen ninelerimiz, düğünü için ayırdığı parasını bağışlayan genç kardeşlerimiz, kumbarasında biriktirdiği harçlığı paylaşan çocuklarımız, millet olmanın ne demek olduğunu bir kez daha gösteriyorlardı."" ""Asrın felaketini asrın dayanışmasına dönüştürdük"" Yerlikaya, Türkiye'nin dört bir yanından vatandaşların deprem bölgesine yardıma koştuğunu vurgulayarak, ""Acıyı birlikte omuzladık. Yaralarımızı beraberce sardık. Hamdolsun ki asrın felaketini asrın dayanışmasına dönüştürdük. Bu zor günler ancak bu ruhla aşılabilirdi."" diye konuştu. Depremin ilk anında arama kurtarma faaliyetleri ve geçici barınma hizmetlerine yoğunlaştıklarını söyleyen Yerlikaya, ""Depremler sonrasında maalesef 38 bin 901 bina yıkılmıştı. İçinde yaşam olduğu belirlenen 26 bin binada arama ve kurtarma faaliyeti yürütüldü."" ifadelerini kullandı. Yerlikaya, deprem bölgesindeki müdahale çalışmalarında 11 bin 488'i uluslararası, 35 bin 250'si arama kurtarma ve 142 bini güvenlik personeli olmak üzere toplam 650 bin personelin görev yaptığını dile getirdi. Çalışmalarda 20 bin araç ve iş makinesi, 141 helikopter, 182 uçak ve 23 geminin görevlendirildiğini aktaran Yerlikaya, enkaz altından can kurtaran ve mucizelere imza atan arama kurtarma ekiplerinin gayretlerini ve umut veren çalışmalarını anlattı. ""Arama kurtarma ekiplerinin tamamı adeta birer destan yazdı"" Bakan Yerlikaya, AFAD koordinasyonunda kamu kurumları, sivil toplum kuruluşları, üniversiteler, belediyeler, gönüllüler ve 93 ülkeden gelen arama kurtarma ekiplerinin büyük bir dayanışma örneği göstererek, adeta birer destan yazdıklarını söyledi. Depremin ardından arama kurtarma faaliyetleri sürerken bir yandan da geçici barınma için kapsamlı bir çalışma yürütüldüğünü ifade eden Yerlikaya, şöyle konuştu: ""Bunun adı, AFAD koordinasyonunda gerçekleştirilen, dünyanın en büyük 'İyileştirme Operasyonu'ydu. Önce çadırlar kuruldu. Bölgeye 1 milyon çadır sevk edildi. Bunların bir kısmı bireysel olarak dağıtıldı. 350 çadır kent alanında 645 bin çadır kuruldu ve yaklaşık 2,5 milyon afetzedemize buralarda geçici olarak barınma imkanı sağlandı. Tüm bunlar yapılırken depremden etkilenen ve yakınlarının yanlarına gitmek isteyen 3 milyon 549 bin afetzedemizin tahliyesi sağlandı. Türk Havayollarımız, bu dönemde, 13 bin 701 seferle 2 milyonu aşkın yolcu taşıyarak unutulmaz bir tarih yazdı. 712 kargo seferiyle 32 bin 770 ton yardım malzemesini deprem bölgesine ulaştırdı."" Yerlikaya, bugün gelinen noktada 414 konteyner kentte 215 bin 224 konteyner kurulumu yapıldığını ve 691 bin afetzedenin misafir edildiğini belirterek, ""349 bin hanemize 14 milyar 453 milyon lira 'kira destek ödemesi' yapıldı. Bu kapsamda, ev sahiplerine aylık 7 bin 500, kiracılara ise 5 bin lira kira destek ödemesi yapılmaya devam ediliyor."" ifadelerini kullandı. ""Evim Yuvan Olsun"" kampanyası İhtiyaç sahibi depremzedelere yönelik, ""Evim Yuvan Olsun"" kampanyası ile de vatandaşların hem gönül kapılarını hem de evlerinin kapılarını depremzedelere açtığını hatırlatan Yerlikaya, ""İçişleri Bakanlığımızın koordinasyonunda konteyner kentlerdeki ihtiyaç sahibi depremzedelerimize, AFAD-Kızılay işbirliğiyle her ay 4 bin 500 lira yüklenen, 69 bin 289 Esen Kart dağıtıldı. Bu kartlara beş aylık toplam 1 milyar 8 milyon 141 bin lira yüklendi. Aynı zamanda 1 milyon 979 bin haneye 10 bin lira destek ödemesi, 557 bin haneye 15 bin lira taşınma yardımı, 41 bin aile yakınına ise 100'er bin lira vefat yardımı yapıldı."" diye konuştu. Toplam 106 milyar 728 milyon lira kaynağın deprem bölgesine aktarıldığını söyleyen Yerlikaya, ""Türkiye Tek Yürek"" kampanyasına ilişkin ise şu bilgileri verdi: ""128 milyar 949 milyon lira toplandı. Bunun 79 milyar 263 milyon lirası harcandı. Bağış hesaplarımızla ilgili bütün süreçler ve veriler şeffaf bir şekilde 15 günde bir AFAD kurumsal internet sitesinde ve sosyal medya hesaplarından paylaşılıyor. Nakdi yardımların yanı sıra ayni yardımlarda da asrın dayanışması sergilendi. Kimi yardımseverler konteyner kent kurdu kimi kalıcı konut yapımını üstlendi kimi de tırlar dolusu insani yardım malzemesi gönderdi."" Hasar tespit çalışmaları Yerlikaya, deprem sonrası hasar tespit çalışmalarının yapılması ve enkazların kaldırılması konusuna da hassasiyetle yaklaştıklarını kaydetti. 2 milyon 302 bin binada ve 6 milyon 227 bin bağımsız bölümde hasar tespiti yapıldığını açıklayan Yerlikaya, ""60 bin 421 acil yıkılacak ve yıkık binanın enkazları 68 günde tamamen kaldırıldı. Ağır hasarlı 200 bin 401 binadan 166 bin 602'sinin enkazı kaldırıldı. Şu ana kadar, hacme göre enkaz kaldırma işleminin yüzde 91'i gerçekleştirildi. Geriye kalan enkaz kaldırma süreçleri de yoğun şekilde devam ediyor."" şeklinde konuştu. Hak sahipliği sürecinin 30 Mayıs 2023'te başlatıldığını anımsatan Yerlikaya, bu kapsamda 30 milyon evrakın incelendiğini ve bu çalışmaların 211 günde tamamlandığını ifade etti. Yerlikaya, ""Tüm süreçler tamamlandıktan sonra, 389 bin konut, 40 bin 658 iş yeri ve 11 bin 531 ahır olmak üzere toplam 441 bin 567 hak sahipliği belirlendi. İl, ilçe ve kırsal alanda toplam 250 bin bağımsız bölümün ihalesi yapıldı."" dedi. Deprem konutları Yeni ihaleleri de yapmaya devam ettiklerini belirten Yerlikaya, ""Sayın Cumhurbaşkanımızın teşrifleriyle yarın Hatay'dayız. Dünyada başka bir örneğine rastlanmayacak hızda; 41 bin deprem konutumuzun ve 5 bin köy evimizin kura çekimi ile anahtar teslim törenlerinin ilkine 'Bismillah' diyerek başlıyoruz."" ifadelerini kullandı. 4 Şubat'ta Gaziantep, 6 Şubat'ta Kahramanmaraş'ta ve gelecek günlerde de diğer illerde törenlerin yapılacağı bilgisini paylaşan Yerlikaya, çekilen her kura ve teslim edilen her anahtarın milletin dayanışma ruhunu, birliğini, beraberliğini, kardeşliğini ve devletin gücünü bir kez daha göstereceğini söyledi. Yerlikaya, depremin ilk anından itibaren asrın dayanışmasına liderlik ederek, milleti için gece gündüz demeden çalışan, desteğini ve yapılan çalışmalarla ilgili takibini sürdüren, kalıcı konutların yapımında güçlü iradesini ortaya Cumhurbaşkanı Erdoğan'a şükranlarını ileterek, şunları kaydetti: ""6 Şubat depremlerinin ilk anından itibaren 11 ilimizin yardımına koşan dönemin Sayın Cumhurbaşkanı Yardımcımıza, sayın bakanlarımıza, şu an kabinemizde görev yapan kıymetli bakanlarımıza, mülki idare amirlerimize, deprem bölgesinde çalışan AFAD'a, kamu kurum ve kuruluşlarımızdaki görevlilerimize, kahraman Mehmetçiğimize, sivil toplum kuruluşlarımıza, gönüllülerimize ve yardım çağrımıza kulak veren tüm ülkelere teşekkür ediyorum. Halen bölgede çalışmaya devam eden arkadaşlarımıza kolaylıklar ve başarılar diliyorum. Depremde kaybettiğimiz tüm vatandaşlarımıza bir kez daha Allah'tan rahmet diliyor, aziz milletimize geçmiş olsun dileklerimi iletiyorum. Rabbim ülkemizi ve milletimizi her türlü afetten korusun."" "
https://www.aa.com.tr/tr/gundem/cumhurbaskani-erdogan-asrin-felaketinin-1inci-yilinda-deprem-bolgesinde-olacak/3125604,"Ankara Cumhurbaşkanı Recep Tayyip Erdoğan 'ın ziyaretlerinde, bölgede devam eden çalışmaları inceleyerek, tamamlanan deprem konutlarının teslimini yapması bekleniyor. Bu kapsamda, hafta sonu Hatay ve Gaziantep'e gidecek Erdoğan, hafta içi Kahramanmaraş, Şanlıurfa, Adıyaman ve Elazığ illerine ziyaret gerçekleştirecek. Cumhurbaşkanı Erdoğan'ın, depremden etkilenen diğer illeri de ilerleyen günlerde ziyaret etmesi bekleniyor. "
https://www.aa.com.tr/tr/gundem/mossada-para-karsiligi-bilgi-saglayan-suphelilere-operasyon/3125585,"İstanbul Güvenlik kaynaklarından alınan bilgiye göre MİT, MOSSAD'ın Türkiye'deki hedeflerini özel dedektifler aracılığıyla takip ettiğini belirledi. Çalışma kapsamında, İsrail istihbarat servisinin, irtibatlı olduğu özel dedektifler aracılığıyla hedeflerine yönelik biyografik bilgi toplama, keşif, tahkikat, fotoğraf-video dokümante, canlı takip, takip cihazı yerleştirme gibi faaliyetler yürüttüğü saptandı. Konuya ilişkin İstanbul Cumhuriyet Başsavcılığınca yürütülen soruşturma çerçevesinde 9 şüphelinin de edindikleri bilgileri, özel dedektifler aracılığıyla MOSSAD'a sattığı tespit edildi. Şüphelilerin HTS kayıtları ve MASAK verilerinin incelenmesinde, belirlenen hedeflere yönelik, adres tespiti, uçuş bilgileri gibi verilerin maddi menfaat karşılığında MOSSAD'a aktarıldığı anlaşıldı. Bunun üzerine harekete geçen İstanbul Emniyet Müdürlüğü İstihbarat Şubesi ile Terörle Mücadele Şube Müdürlüğü ekiplerince sabah saatlerinde İstanbul ve İzmir'de eş zamanlı operasyon düzenlendi. Operasyonda, haklarında gözaltı kararı bulunan 9 şüpheliden 7'si yakalandı. Şüpheliler A.Y. ve M.K'nin ise aynı soruşturma kapsamında daha önce tutuklandığı anlaşıldı. Şüphelilerin adreslerinde ve üst aramalarında, 3 ruhsatlı tabanca, 50 fişek ile çok sayıda dijital materyal ele geçirildi. MİT, Aralık 2022'de MOSSAD'ın özel dedektif ve taktik elemanlarına yönelik operasyon düzenlemiş, yakalanan 68 kişi hakkında da işlem yapılmıştı. Öte yandan operasyonun, MİT ve İstanbul İl Emniyet Müdürlüğü tarafından İsrail istihbarat servisinin faaliyetlerinin deşifresine yönelik geçmişte yapılan çalışmalarda, özel dedektiflerle temas sağlayarak temin ettikleri bilgileri İsrail istihbarat servisine aktarılmasıyla ilgili yaklaşık 130 şüpheliye yönelik düzenlenen operasyonların devamı olduğu bilgisine ulaşıldı. "
https://www.aa.com.tr/tr/gundem/erzurum-merkezli-sibergoz-20-operasyonunda-yakalanan-71-zanli-adliyede/3125568,"Erzurum Erzurum Cumhuriyet Başsavcılığı koordinesinde İl Emniyet Müdürlüğü Siber Suçlarla Mücadele ve İstihbarat Şubesi ekiplerinin ortaklaşa yürüttükleri çalışmalarda, yakalanan 71 zanlının emniyetteki işlemleri tamamlandı. Zanlılar, sağlık kontrolünden geçirildikten sonra güvenlik önlemleri altında Erzurum Adliyesine çıkarıldı. İçişleri Bakanı Ali Yerlikaya'nın 29 Ocak'ta duyurduğu operasyonda, araç kiralama ve sigorta firmalarının isimlerini kullanarak, oluşturdukları ""oltalama"" siteleri üzerinden iletişime geçtikleri vatandaşlardan kiralama ve sigorta bedeli ile kapora ücreti adı altında para talep ederek haksız kazanç sağladıkları tespit edilen 75 şüpheli, 3 ay boyunca fiziki ve teknik olarak takip edilmiş ve son bir yıl içerisindeki banka hesapları incelendiğinde 35 milyon 215 bin liralık hesap hareketinin olduğu belirlenmişti. Erzurum merkezli İstanbul, Adana, Mersin, Sinop, Tekirdağ, Adıyaman, Bursa, Gaziantep, Kırşehir, Antalya, Aydın, Diyarbakır, Eskişehir, Hakkari, İzmir, Karabük, Kocaeli ile Samsun ve Şanlıurfa'da belirlenen adreslere yapılan eş zamanlı operasyonda, silah, para, uyuşturucu, altın, dijital materyal ve sim kartları ele geçirilmiş, 71 şüpheli gözaltına alınmıştı. "
https://www.aa.com.tr/tr/gundem/turkiye-ve-dunya-gundemi/3125564,"Ankara 1- Cumhurbaşkanı Recep Tayyip Erdoğan, TOFAŞ Kapalı Spor Salonu'nda AK Parti Bursa İlçe Belediye Başkan Adayları Tanıtım Toplantısı'na ve Merinos Atatürk Kültür Merkezi'nde Sivil Toplum Kuruluşlarıyla Buluşma Programı'na katılacak. (Bursa/15.00/17.00) (Fotoğraflı-Görüntülü) 2- CHP Genel Başkanı Özgür Özel, Merkez Yönetim Kurulu ve Parti Meclis'i toplantılarına başkanlık edecek. (Ankara/15.00/18.00) YASAMA YÜRÜTME SİYASET 1- Çevre, Şehircilik ve İklim Değişikliği Bakanı Mehmet Özhaseki, Kentsel Yeşil Alanların Sürdürülebilir Yönetim Çalıştayı ile Mehmet Karamercan Kütüphanesi ve 100 Apartmana 100 Kütüphane Açılış Töreni'ne iştirak edecek. (Kayseri/09.45/11.30) (Fotoğraflı-Görüntülü) 2- Kültür ve Turizm Bakanı Mehmet Nuri Ersoy, Amerika Birleşik Devletleri'nden iadesi sağlanan tarihi eserlerin tanıtımını yapacak. (Antalya/10.30) (Fotoğraflı-Görüntülü) EKONOMİ FİNANS 1- Sanayi ve Teknoloji Bakanı Mehmet Fatih Kacır, ""Su Verimliliği Seferberliği: Sanayi-Su Buluşması"" programına katılacak. (Kocaeli/10.00) (Fotoğraflı-Görüntülü) 2- Tarım ve Orman Bakanı İbrahim Yumaklı, Valiliği, Büyükşehir Belediyesini, AK Parti, MHP ve BBP il başkanlıklarını, Derince Çınarlı Mesleki ve Teknik Anadolu Lisesini ziyaret edecek, ""Su Verimliliği Seferberliği: Sanayi-Su Buluşması"" programına katılacak, Asım Kibar Organize Sanayi Bölgesi Atıksu ve Geri Kazanım Tesisi ile Otomasyonlu Topraksız Tarım Serası Projesi'nde incelemede bulunacak. (Kocaeli/09.30-17.15) (Fotoğraflı-Görüntülü) 3- Ticaret Bakanı Ömer Bolat, Valiliği ziyaret edecek, ocak ayına ilişkin dış ticaret rakamlarını açıklayacak, AK Parti İl Başkanlığına ziyarette bulunacak, Turkuvaz Medya İhracat Seferberliği Panel Oturumu'na katılacak, Büyükşehir Belediyesini, Ticari Konteyner Kenti'ni ve OSB Konteyner Kenti'ni ziyaret edecek. (Malatya/09.00-17.30) (Fotoğraflı-Görüntülü) 4- Ulaştırma ve Altyapı Bakanı Abdulkadir Uraloğlu, Irak Ulaştırma Bakanı Rezzak Muheybes es-Sadavi ile ""Kalkınma Yolu""nu görüşecek. (Ankara/10.00) (Fotoğraflı-Görüntülü) DÜNYA DİPLOMASİ 1- İsrail'in abluka altındaki Gazze Şeridi'ne saldırıları ve insani krize ilişkin gelişmeler takip ediliyor. (Kudüs/Gazze/Kahire) (Fotoğraflı-Görüntülü) SPOR 1- Trendyol Süper Lig'in 24. haftası başlayacak; MKE Ankaragücü-EMS Yapı Sivasspor, Atakaş Hatayspor-VavaCars Fatih Karagümrük ve Yılport Samsunspor-Galatasaray maçları yapılacak. (Ankara/Mersin/17.00/Samsun/20.00) (Fotoğraflı-Görüntülü) 2- Trendyol 1. Lig'in 21. hafta mücadelesi Sakaryaspor-Teksüt Bandırmaspor maçıyla başlayacak. (Sakarya/20.00) (Fotoğraflı) 3- Basketbol THY Avrupa Ligi'nin 25. haftasında Anadolu Efes, İtalya'nın EA7 Emporio Armani Milan takımını ağırlayacak, Fenerbahçe Beko, Fransa'nın AS Monaco takımına konuk olacak. (İstanbul/20.30/Monaco/22.30) (Fotoğraflı) 4- ING Kadınlar Basketbol Süper Ligi'nin 23. haftası başlayacak, Galatasaray Çağdaş Faktoring-İlkem Yapı Tarsusspor, Fenerbahçe Alagöz Holding-Nesibe Aydın, OGM Ormanspor-Antalya Büyükşehir Belediyespor Toroslar Basketbol, Çankaya Üniversitesi-Emlak Konut ve Hatay Büyükşehir Belediyespor-BOTAŞ mücadeleleri yapılacak. (İstanbul/14.00/14.00/Ankara/14.00/14.00/Adana/14.00) (Fotoğraflı) "
https://www.aa.com.tr/tr/gundem/kafes-34-operasyonunda-organize-suc-orgutu-uyesi-13-supheli-yakalandi/3125552,"Ankara Yerlikaya, sosyal medya hesabından yaptığı açıklamada, Emniyet Genel Müdürlüğü Kaçakçılık ve Organize Suçlarla Mücadele Başkanlığı koordinesinde Balıkesir İl Emniyet Müdürlüğü Kaçakçılık ve Organize Suçlarla Mücadele Şube Müdürlüğünce yapılan çalışmalar kapsamında, elebaşılığını Gökhan Kuş'un yaptığı organize suç örgütünün suç işlemek amacıyla örgüt kurmak suretiyle yağma, tahsilatçılık ve tefecilik yaparak haksız menfaat elde ettikleri, korkutma ve haraç alma amaçlı olarak ikamet kurşunlama olayını gerçekleştirdikleri, eğlence mekanlarına çöktükleri, silahlı tehdit, silahla yaralama ve kasten öldürmeye teşebbüs eylemlerini gerçekleştirdiklerinin tespit edildiğini ifade etti. Bakan Yerlikaya, operasyonlar sonucunda 6 ruhsatsız tabanca ve muhtelif miktarda uyuşturucu maddeye el konulduğunu kaydetti. "
https://www.aa.com.tr/tr/gundem/kuzey-marmara-otoyolunda-trafik-kazasinda-1-i-agir-19-kisi-yaralandi/3125547,"İstanbul Kuzey Marmara Otoyolu Çekmeköy mevkisi Hüseyinli geçişi Edirne istikametinde seyreden Gültekin Akçan idaresindeki 58 EZ 342 plakalı yolcu otobüsü, yol kenarındaki bariyerlere, ardından Muhammet Karataş idaresindeki 20 AJS 27 plakalı kumaş yüklü tıra arkadan çarptı. Çarpmanın etkisiyle tır otoyolda ters döndü, yolcu otobüsünün şoförü araçta de sıkıştı, bazı yolcular yaralandı. Haber verilmesi üzerine olay yerine jandarma, itfaiye ve sağlık ekipleri sevk edildi. Jandarma otoyolu trafiğe kapatırken, sağlık ekipleri yaralılara olay yerinde ilk müdahalelerini yaparak ambulansla hastaneye kaldırdı. İtfaiye ekipleri sürücü koltuğunda sıkışan Gültekin Akçan’ı bir süre yaptığı çalışmanın ardından çıkararak sağlık ekiplerine teslim etti. Yaralı sürücü ambulansla hastaneye kaldırıldı. Kazaya karışan otobüs şoförü ve tırın olay yerinden kaldırılmasının ardından otoyol yeniden trafiğe açıldı. Vali Gül’den geçmiş olsun mesajı İstanbul Valisi Davut Gül, sosyal medya hesabından geçmiş olsun mesajı paylaştı. Gül, “Kuzey Marmara Otoyolu üzerinde Edirne istikametine seyir halinde bulunan yolcu otobüsünün, Çekmeköy Hüseyinli Kavşağı mevkisinde aynı istikamette seyir halinde bulunan tıra arkadan çarpması sonucunda çift taraflı trafik kazası meydana gelmiştir. Kazada, 1 kişi ağır olmak üzere toplam 19 kişi yaralanmıştır. Yol kontrollü olarak trafiğe açılmıştır. Yaralı vatandaşlarımıza Allahtan acil şifalar diliyorum. Geçmiş olsun.” ifadelerini kullandı. "
https://www.aa.com.tr/tr/gundem/santa-maria-kilisesindeki-saldiriya-iliskin-sorusturmada-25-supheli-tutuklandi/3125524,"Ankara Tunç, sosyal medya hesabından yaptığı paylaşımda, İstanbul Sarıyer'de Santa Maria Kilisesi'ndeki ayin sırasında Tuncer Cihan'ın öldürülmesiyle ilgili İstanbul Cumhuriyet Başsavcılığınca başlatılan soruşturmada, kilisede ateş açarak Cihan'ın ölümüne neden olan terör örgütü DEAŞ şüphelisi Amirjon Khliqov ve yanında bulunan David Tanduev'in de arasında olduğu 25 şüphelinin ""örgüt üyeliği"" ve ""nitelikli kasten öldürme"" suçlarından tutuklandığını açıkladı. Tunç, 9 şüphelinin ise adli kontrol şartıyla serbest bırakıldığını belirterek, olayla ilgili adli soruşturmanın kapsamlı şekilde devam ettiğini kaydetti. "
https://www.aa.com.tr/tr/gundem/ibb-baskan-adayi-kurum-bagcilar-da-bir-ciftin-evine-misafir-oldu/3125523,"Istanbul Cumhur İttifakı'nın İstanbul Büyükşehir Belediye (İBB) Başkan Adayı Murat Kurum, Bağcılar’da bir çiftin evine misafir oldu. Hürriyet Mahallesi'nde ikamet eden Nazife-Özcan Sırmalı çiftine konuk olan Kurum, afette, selde ve yangında hep milletin yanında olduklarını söyledi. Kurum, ""Biz sağlam binalarda oturmak zorundayız. Önceliğimiz buradaki deprem dönüşümü olmalı. Afette yardım edecek lojistik merkezi bir tane. Bunu 7'ye çıkartacağız. Havadan, karadan, denizden acil yollarıyla birlikte bunların hepsini planlayacağız. 2 milyon kişiye 6 saatte çadır kuracak sistemi getireceğiz. Herkesin toplanma alanı belli olacak. O toplanma alanlarına parklar, bahçeler yapacağız. Bunu yapmak zorundayız. İstanbul öyle ihmal edilecek bir şehir değil. Bu bilinci herkese anlatmamız lazım."" diye konuştu. "
https://www.aa.com.tr/tr/gundem/hskye-yeni-uye-secilmesi-karari-resmi-gazetede-yayimlandi/3125502,"Ankara Prof. Dr. Çetin Arslan'ın, Hakimler ve Savcılar Kurulu (HSK) üyesi seçilmesine ilişkin TBMM kararı Resmi Gazete'de yayımlandı. HSK'de boşalan 1 üyelik için 31 Ocak'ta TBMM Genel Kurulunda yapılan seçimde Prof. Dr. Arslan, HSK üyeliğine seçilmişti. Arslan'ın HSK üyeliğine seçilmesine yönelik TBMM kararı Resmi Gazete'de yayımlandı. "
https://www.aa.com.tr/tr/gundem/kocaelideki-fabrikada-rehin-alinan-7-isci-kurtarildi/3125487,"Kocaeli Gebze Organize Sanayi Bölgesi'nde (GOSB) İhsan Dede Caddesi'nde temizlik ve kişisel bakım ürünleri alanında faaliyet gösteren uluslararası bir firmanın fabrikasında, bazı işçilerin silahla rehin alındığı ihbarı yapıldı. Bunun üzerine olay yerine aralarında özel harekatçıların da yer aldığı çok sayıda polis ve jandarma ile sağlık ekibi sevk edildi. Olay yerine gelen Vali Seddar Yavuz, ekiplerden çalışmalarla ilgili bilgi aldı. Eşinin rehin alındığını söyleyen İsmet Zihni, basın mensuplarına yaptığı açıklamada, eşinin birkaç kez sosyal medya hesabından mesaj yazdığını anlattı. Zihni, şunları kaydetti: ""Eşim, 'İyiyiz bir şey yapmıyor. Sadece yaklaşanlara bir iki kere sıktı.' dedi. Doğru yalan bilmiyorum. 'Sağa sola ateş etti.' dedi. Böyle bekliyoruz. Ben ilk başta eşimi bir kez aradım, bakmadı, sonra kardeşlerine mesaj atmış. Daha sonra aradım açtı, 'İyiyim rehin alındık.' dedi, kapattı hemen. Saat kaçta tam olarak rehin alındılar bilmiyorum. 'Gazze'ye özgürlük' diyormuş, 'kapıları açın' diyormuş."" Rehineler düzenlenen operasyonla kurtarıldı Gebze Organize Sanayi Bölgesi'nde (GOSB) İhsan Dede Caddesi'nde temizlik ve kişisel bakım ürünleri alanında faaliyet gösteren uluslararası bir firmanın fabrikasında rehin alınan işçilerin kurtarılması için yaklaşık 10 saat süren çalışmalar sonuç verdi. Rehineler düzenlenen operasyonla kurtarıldı. Haberi alan işçilerin yakınları da fabrika önünde büyük sevinç yaşadı. Gebze Kaymakamı Mehmet Ali Özyiğit de fabrika önünde bekleyen ailelerle görüştü. Vali Seddar Yavuz, gazetecilere, saat 14.00-14.30 sularında daha önce de bu işletmede çalışmış şahsın silahla içeri girme teşebbüsünde bulunduğunu ve özel güvenliğin engelleyememesi üzerine fabrika içinde 7 çalışanı rehin aldığını anlattı. Şahsın, İsrail'in Gazze'de yapmış olduğu katliamların durması ve Mısır'daki sınır kapısının açılması talebi olduğunu aktaran Yavuz, olayın öğrenilmesinden itibaren Valiliğin koordinasyonunda, İçişleri Bakanı Ali Yerlikaya'nın da talimatlarıyla hassas müzakere süreci yürütüldüğünü belirtti. Yavuz, özellikle rehinelerin can güvenliğinin sağlanması, onlara zarar gelmemesi için titiz çalışma yürüttüklerini vurgulayarak, ""Bu nedenle de basın açıklaması tarzından özellikle uzak durduk. Hedefimiz öncelikle kardeşlerimizi sağ ve salimen oradan çıkarmaktı. Nitekim bu süreçte kıymetli emniyet mensuplarımız, istihbarat teşkilatımızla, olabilecek tüm bağlantılarını da değerlendirerek çalışma gerçekleştirdik. Daha sonra da rehinelerin hiçbirisine zarar gelmeksizin küçük bir operasyonla da etkisiz hale getirdik. Çünkü müzakereler sonuç vermedi."" diye konuştu. ""Kardeşlerimizin her birinin sağlık durumu iyi."" diyen Yavuz, ""Bizatihi olay esnasında içerideydik. Rehinelerin hepsine geçmiş olsun dileklerimizi ilettik. Biz Türkiye'nin huzurundan yanayız. Bu tür davranışları sergileyen herkesin karşısında önce biliyorsunuz hukuk işler. Güvenlik birimlerimiz üzerlerine düşen görevi hassasiyetle yerine getirmiştir."" şeklinde konuştu. Yavuz, zanlının ihtiyaçları için dışarı çıktığında operasyonun gerçekleştirildiğini aktararak, ""Ona göre konuşlanmıştık. Alternatif bir takım çalışmalar yapmıştık. Hareket tarzını bir kez daha arkadaşlarla değerlendirdik. Kıymetli emniyet mensuplarımız, kahraman güvenlik güçlerimiz gerekli müdahaleyi yapmak suretiyle, rehinelere herhangi bir zarar gelmeyeceğine emin olduğumuz anda gerekeni yaptık."" ifadesini kullandı. Zanlının iki silahının ve üzerinde düzeneklerin mevcut olduğunu bildiren Yavuz, bu konularda çok hassas davrandıklarını ve her ihtimali düşündüklerini dile getirdi. Yavuz, şüphelinin ateş açıp açmadığı sorusuna, ""Bizim operasyonumuzda herhangi bir ateş etme eylemine girişemedi. Arkadaşlarımız çok anlık bir hareketle etkisiz hale getirdi."" dedi. Zanlının herhangi bir örgütle şu anada kadar bağının tespit edilemediğini kaydeden Yavuz, fabrikanın eski çalışanı olan şahsın operasyon sırasında yaralanmadığını da sözlerine ekledi. ""Çok şükür kavuştuk, çok heyecanlıyım"" Rehine Esra Aydemir’in teyzesi Fatma Dursun da yeğeninden saat 15.00 gibi haber aldıklarını belirterek, şunları kaydetti: ""Koştuk ama elimizden bir şey gelmedi. Çok şükür kavuştuk. Çok heyecanlıyım, çok üzgünüm. Allah kimseye göstermesin evlat acısı. Sağ salim ulaştık. Allah halkımızdan da polisimizden de emniyetimizden de razı olsun."" "
